"Location","Compl.Score","Quests.Stars","Infects.Score","Overall.Score","Spends.Score","Images.Score","Values.Payment","Deaths.Score","Timely.Score","Median.Income","Percent.Population.Obese"
"ADAIR MO",12.76,4,0.4,4,0.93,12.125,19989,13,51,34733,28.611
"ADAMS CO",11.210625,3.66666666666667,0.592714285714286,2.66666666666667,0.973333333333333,8.69333333333333,19578.6666666667,12.5333333333333,52.5,56270,24.478
"ADAMS MS",2.332,2,0.46225,2,1.16,22.02,18428.5,14.2,51.5,27381,35.663
"ALAMANCE NC",15.8345454545455,3,0.980142857142857,3,0.91,10.3333333333333,19019.5,14.4,49.6666666666667,43043,31.264
"ALAMEDA CA",11.0716949152542,2.66666666666667,0.8254125,2.5,1,5.6675,19626.7368421053,11.5,59.6666666666667,72112,20.453
"ALBANY NY",11.6315625,2.33333333333333,0.843909090909091,2.33333333333333,0.96,6.52307692307692,19579.3333333333,12,46.6666666666667,59394,24.743
"ALBEMARLE VA",17.5972727272727,4,0.625142857142857,3,0.93,8.98333333333333,17649.5,11.5,66.3333333333333,67725,23.937
"ALCORN MS",17.85,4,0.498857142857143,2,0.96,10.45,18797,12,53,33600,31.327
"ALEXANDRIA CITY VA",14.5436363636364,2,1.18614285714286,3,0.99,10.65,19580.5,10,54,85706,20.689
"ALLEGHANY VA",2.186,3,0.307666666666667,3,0.92,11.4166666666667,18503,12.8,52,44848,27.416
"ALLEGHENY PA",11.4796178343949,2.86666666666667,0.821038461538461,3,1.05866666666667,9.59285714285714,20457.3214285714,11.4666666666667,53.875,51366,25.765
"ALLEN IN",9.65178571428572,3.5,0.811148148148148,3.66666666666667,0.99,9.82,18213.1428571429,13.05,47.6666666666667,49370,29.322
"ALLEN OH",10.7021428571429,3.66666666666667,0.445,4,0.97,9.52142857142857,20026.25,11.3,19,42823,32.573
"ALPENA MI",14.0509090909091,3,0.795,4,1,12.5333333333333,19466.5,11.2,47.25,38016,30.274
"AMADOR CA",15.8045454545455,3,0.487333333333333,2,0.92,10.92,20981.5,13.1,52,53684,23.6
"ANDERSON TX",12.9436363636364,2,0.175333333333333,3,1.05,9.625,19740.5,13,48.5,40653,30.386
"ANDROSCOGGIN ME",14.3022727272727,3,0.673333333333333,3.5,0.985,5.87272727272727,18070.25,12.85,49.3333333333333,44921,29.219
"ANOKA MN",12.365,3.5,0.560733333333333,4.5,0.905,2.47142857142857,19296.25,11.55,49.2,70380,28.593
"ARAPAHOE CO",13.55,3.33333333333333,0.798608695652174,3.66666666666667,1.02333333333333,6.84666666666667,19447.3333333333,11.0333333333333,52.5,60651,19.926
"ARMSTRONG PA",2.175,3,0.36625,4,0.94,13.4,19573.5,10.4,45.5,45241,30.953
"AROOSTOOK ME",6.59448275862069,4,0.728375,3.75,0.873333333333333,9.76470588235294,18121.5,11.875,51.5,37855,30.148
"ASHTABULA OH",1.87235294117647,3.66666666666667,0.252,4,0.885,4.72727272727273,18866,10.3333333333333,52.875,40516,29.37
"ATLANTIC NJ",17.0113636363636,3,0.593866666666667,3.5,1.01,5.46666666666667,20472.75,11.35,60,54235,26.387
"AUGLAIZE OH",1.35888888888889,4,0,4,1,7.16666666666667,19054,11.6,52,52239,30.921
"BALDWIN AL",11.354,3.66666666666667,0.5745625,3,0.936666666666667,15.0142857142857,18096.6,12.6,49.5,50221,25.661
"BARNSTABLE MA",14.0945454545455,3,0.749285714285714,3.5,1.01,10.43,19397.75,11,58.3333333333333,60526,18.811
"BARTHOLOMEW IN",14.3654545454545,3,0.756375,4,0.97,9.55,20690,11.8,100,54165,29.83
"BARTOW GA",13.7336363636364,3,0.834428571428571,4,0.96,4.16,19100,9.2,54,47197,28.792
"BAXTER AR",15.1918181818182,3,0.891285714285714,3,0.97,12.05,20315.5,14.3,63,35343,27.714
"BAY FL",13.8554545454545,2.5,0.566133333333333,3.5,1.065,9.28,20530,9.65,91,47461,26.438
"BEAUFORT SC",15.2971428571429,3,0.786857142857143,3,0.96,8.50909090909091,18757,12.6,49.5,57316,21.086
"BELKNAP NH",15.0172727272727,3,0.3635,3,1.02,9.18333333333333,19799.5,13,58,58654,26.267
"BELL TX",9.908125,4,0.441857142857143,3.66666666666667,0.973333333333333,11.75,19359.5,11.2666666666667,39.3333333333333,50060,28.252
"BELMONT OH",1.16071428571429,3.5,0.4076,3.5,1.01,12.0857142857143,18709.6666666667,12.2,54.6666666666667,41534,29.771
"BENNINGTON VT",2.152,4,0.17225,4,0.93,10.9333333333333,17808.5,11.3,54,50221,22.736
"BENTON AR",7.63473684210526,3.33333333333333,0.332818181818182,3.33333333333333,0.975,9.21818181818182,18015.6666666667,11.8666666666667,51,54515,27.063
"BERGEN NJ",11.3585245901639,3,0.645024390243902,3,1.09166666666667,10.375,21228.6,10.92,68,83794,20.139
"BERKELEY WV",15.0545454545455,2,0.347285714285714,3,0.95,12.1666666666667,17967.5,13.1,68.6666666666667,53515,32.641
"BERKSHIRE MA",16.6975,4,0.313,4,1.01,7.04545454545455,18559,12.6,48.8333333333333,48450,22.008
"BERNALILLO NM",9.6175,2.8,0.866030303030303,2.8,0.948,7.86818181818182,17632.75,11.9,50.75,48801,19.254
"BERRIEN MI",9.24888888888889,4.5,0.391571428571429,3.5,0.955,8.7375,18459,13.65,52.5,43633,31.773
"BEXAR TX",11.6689423076923,3.45454545454545,0.755464285714286,3.5,1.00636363636364,5.05161290322581,20912.5,11.1,56.125,50112,27.037
"BIBB GA",12.9956666666667,2.66666666666667,1.01245,3,1.00333333333333,3.37692307692308,18400.8,10.9,54.5,37550,30.062
"BLACK HAWK IA",10.5,3,0.66725,2.66666666666667,0.976666666666667,7.89333333333333,19910.4,14.2333333333333,55,45747,27.736
"BLAIR PA",10.0452380952381,3.66666666666667,0.551636363636364,3,1.055,9.45,18347.5,12.7333333333333,82.4,42992,31.366
"BOONE AR",14.9827272727273,3,0.358,3,0.91,16.9,19156,13.1,47.3333333333333,38506,28.121
"BOONE IN",2.412,4,0.794,4,0.97,15.5,18293.5,12.5,48.6666666666667,67255,28.336
"BOONE KY",15.742,3,1.06375,3,1.04,8.51666666666667,20826.5,10.6,55,67225,29.185
"BOULDER CO",12.0418604651163,3.5,0.81856,3.25,0.975,6.25,19978,12.025,44.5,67956,13.383
"BOWIE TX",16.4377272727273,3.5,0.811,2.5,1.075,15.975,19701.25,11.65,62.3333333333333,42346,30.394
"BOYD KY",14.4177272727273,4,0.586333333333333,3,0.955,12.0416666666667,18981.75,11.6,58,40379,33.458
"BOYLE KY",13.0472727272727,3,1.298,2,0.96,11.6666666666667,20373,13.7,52,41473,29.704
"BRADFORD PA",9.84529411764706,3.66666666666667,0.757818181818182,2.66666666666667,0.905,9.27333333333333,17126.5,12.6333333333333,59.6,46963,29.991
"BRADLEY TN",18.5163636363636,2,0.745,2,1.02,9.75,18383,14.2,50,41083,29.635
"BRANCH MI",2.137,4,0.34525,4,0.93,14.8,17744,11.5,52.3333333333333,41856,31.096
"BRAZORIA TX",1.80071428571429,3,0.377333333333333,3,1.085,9.51428571428571,17259.5,15.2,50,67603,28.932
"BRAZOS TX",10.2189473684211,4.25,0.809058823529412,3,0.955,12.3764705882353,19871.3333333333,12.0666666666667,51.5,38310,26.856
"BREVARD FL",13.3426315789474,3.14285714285714,0.517382978723404,3.28571428571429,1.01571428571429,7.16111111111111,20582.8571428571,11.5857142857143,63.875,48039,25.195
"BRISTOL MA",14.9429545454545,3,0.585466666666667,3,1.03,9.5375,20058.25,11.55,51.6666666666667,55298,27.459
"BRONX NY",9.8987037037037,1.66666666666667,0.799790697674419,1.5,0.98,7.14761904761905,18490.0909090909,10.65,73.6666666666667,34388,26.618
"BROOME NY",15.4004545454545,2.5,0.738928571428571,1.5,0.915,10.71,16489.25,13.85,56.5,45958,27.267
"BROOMFIELD CO",14.0018181818182,3,1.03016666666667,4,0.92,3.275,20435.5,13.4,45,77998,19.113
"BROWARD FL",9.88748299319728,2.71428571428571,0.622457943925234,2.57142857142857,1.04785714285714,8.34642857142857,21141.8214285714,11.05,55,51251,22.318
"BRUNSWICK NC",13.6,3,0.3554,3,0.92,7.8,17243.3333333333,12.95,50.4,46438,27.276
"BRYAN OK",14.375,2,0.54275,3,1,11.25,17851,11.5,55.5,38897,30.911
"BUCHANAN MO",12.0681818181818,3,0.654285714285714,5,0.95,10.2333333333333,18580.5,11.8,100,44363,33.192
"BUCKS PA",10.3898305084746,3.5,0.751551724137931,3.8,0.95,8.43703703703704,19569.6,11.74,49,76555,23.848
"BURKE NC",12.5627272727273,3,0.606857142857143,3,0.95,9.21666666666667,18421,11.7,49.3333333333333,37263,29.051
"BURLINGTON NJ",15.6096774193548,3,0.69765,3,1.03333333333333,3.87857142857143,20976.3333333333,10.4666666666667,54,78446,26.157
"BUTLER KS",9.1725,3.5,0.279166666666667,3.5,0.965,10.3777777777778,18702.3333333333,12.2,51.5,56454,29.946
"BUTLER MO",9.8525,3,0.534285714285714,2.5,0.97,13,20761.5,12.4,47,34969,32.355
"BUTLER OH",11.6304761904762,4,0.6786,3.75,1.005,9.60454545454546,19417.8571428571,12.45,52,56610,29.823
"BUTLER PA",12.8218181818182,3,0.694,4,1.03,11.55,19704,12.9,54,58230,27.19
"BUTTE CA",13.1909090909091,2.66666666666667,0.451,2.75,0.886666666666667,8.71578947368421,18357.5714285714,11.2,54.75,43752,24.018
"CABARRUS NC",13.1981818181818,3,0.779,3,0.99,9.18333333333333,18306.5,12.6,53.5,53551,28.665
"CABELL WV",16.3286363636364,3,1.36573333333333,2.5,0.985,9.65,18282.5,12.2,50.25,38374,31.57
"CACHE UT",2.35666666666667,4,0.606714285714286,4,0.985,9.4,17666.5,12.3,55.75,49506,22.337
"CALDWELL NC",14.411,3,0.579666666666667,2,1.05,13.96,18888.5,12.9,53,34357,29.359
"CALHOUN AL",8.112,3,0.4897,2.66666666666667,1.03666666666667,13.9133333333333,19110,12.7,60.8,39962,32.069
"CALHOUN MI",13.8463636363636,3.5,0.942818181818182,4,0.94,5.81,17527.3333333333,12.05,47.6,42110,31.959
"CALLOWAY KY",2.348,4,1.0996,3,0.98,10.2333333333333,16721.5,14.2,53.5,39677,27.058
"CAMBRIA PA",10.03375,3,0.545375,2,0.92,7.96666666666667,18328,11.75,52,41730,30.84
"CAMDEN MO",15.0645454545455,3,0.772833333333333,3,0.9,2.225,19582.5,12.3,70,43458,28.199
"CAMDEN NJ",15.0675,2.5,0.794258064516129,3.25,1.0325,8.46818181818182,20791.125,10.4,56.1428571428571,61683,26.978
"CAMPBELL KY",14.332,3,1.328875,4,0.99,3.75,18383,11.2,54,54306,29.722
"CANYON ID",2.0825,3,0.588,4,0.925,4.3,17934.75,12.35,55,42105,29.466
"CAPE MAY NJ",14.8281818181818,3,1.223,3,1,9.1,21517.5,12,51.25,56494,25.276
"CARBON PA",1.49444444444444,2,0.13275,2.5,1.02,10.8111111111111,18993,12.85,57,48900,30.448
"CARROLL GA",8.33055555555556,3.5,0.461833333333333,3,0.965,7.18,19805,13.2,53.5,46147,30.149
"CARSON CITY NV",8.53666666666667,3.5,0.6997,3.5,0.925,10.8454545454545,16545,12.35,52.5,51957,22.669
"CARTER OK",17.7681818181818,3,0.625,3,1,12.75,19820.5,11.6,44,41401,31.02
"CARTER TN",1.67555555555556,4,0.4305,4,1.04,12.76,19077.5,11.3,50,31842,30.366
"CARTERET NC",14.5563636363636,4,0.701,3,0.92,11.4333333333333,18811,13.9,45.25,46534,26.991
"CARVER MN",2.208,4,0.7172,4,0.95,2.675,18161,13.3,52.5,83773,25.152
"CATAWBA NC",17.1933333333333,3.5,0.482285714285714,3,0.98,8.70833333333333,18626.5,13.9,68,44332,27.583
"CATTARAUGUS NY",15.3881818181818,2,0.883571428571429,2,0.99,5.9,19137,12.2,53,42603,27.382
"CAYUGA NY",2.31,2,0.942166666666667,2,0.92,7.55,17440,10.9,81,51581,26.321
"CENTRE PA",12.7527272727273,4,0.668428571428571,3,0.98,5.28,18469.5,14.3,54.5,50336,25.657
"CHARLESTON SC",12.5026229508197,3.83333333333333,0.706128205128205,3.66666666666667,0.993333333333333,10.0757575757576,18797.3333333333,12.2333333333333,51.6363636363636,50792,25.449
"CHARLOTTE FL",12.0872727272727,1.33333333333333,0.750315789473684,2.33333333333333,1.04333333333333,6.54545454545454,20343.5,11.3666666666667,51.5,44378,24.687
"CHATHAM GA",16.6633333333333,2.66666666666667,0.873913043478261,2.33333333333333,1,15.9941176470588,17402.2,11.6333333333333,65.6666666666667,45794,28.533
"CHAUTAUQUA NY",1.72961538461538,2.66666666666667,0.365333333333333,2.66666666666667,0.976666666666667,9.85294117647059,17064,12.9666666666667,53,42429,28.114
"CHAVES NM",8.93571428571429,2.5,0.282,2.5,0.95,13.2875,18635.5,12.45,67.6666666666667,39131,27.329
"CHELAN WA",10.7826315789474,4,0.61175,3.5,0.86,8.53636363636364,17174.5,14.3,53.5,51354,23.985
"CHENANGO NY",2.34,3,0.708,3,0.93,7.575,16037,12.8,52,43941,28.276
"CHEROKEE GA",14.5036363636364,3,0.70575,3,1.01,5.88,19175.5,11.9,50,67261,25.034
"CHEROKEE OK",7.82368421052632,3,0.485375,3,0.935,15.65,15914.3333333333,11.65,42,37260,32.786
"CHESHIRE NH",2.214,3,0.5694,4,0.97,8.33333333333333,18509.5,10.9,51,55155,25.84
"CHESTER PA",12.4583333333333,3.4,0.753352941176471,3.8,1.038,9.27777777777778,20427.3,11.24,57.5,86050,21.632
"CHESTERFIELD VA",14.7177272727273,3,0.6441875,2,0.995,10.4666666666667,20219.25,13.3,49,72088,27.359
"CHIPPEWA MI",2.458,4,0.433333333333333,4,0.9,15.16,17693,14.2,55,41637,32.787
"CHRISTIAN KY",15.3463636363636,3,0.950666666666667,2,0.99,9.96,18428,11.1,61.3333333333333,38904,31.694
"CITRUS FL",13.5440909090909,2,0.770538461538462,2,1.055,5.88888888888889,19909,13.8,52,39100,26.34
"CLALLAM WA",17.6245454545455,3,0.4825,3,0.93,9.55,18494.5,14.7,48.75,46033,26.419
"CLARK KY",2.191,3,0,4,0.94,16.32,18553.5,13.8,50.5,45853,30.169
"CLARK NV",14.5245774647887,2.07142857142857,0.714276595744681,1.93333333333333,1.10923076923077,4.8375,21595.0357142857,12.14,51.3076923076923,52873,24.601
"CLARK WA",12.1163636363636,3,0.6118125,3,0.895,11.1166666666667,18100.75,13.35,50.8,58225,28.386
"CLAY FL",13.6663636363636,2.5,0.368066666666667,3,1.015,8.64,20078,11.2,36.6666666666667,59482,27.081
"CLAY KY",1.16857142857143,3,0.3455,3,0.89,19.35,19132,11.2,55.5,21883,31.797
"CLAY MO",12.2236363636364,3,0.6215,3.5,0.995,12.7916666666667,19135.75,11.5,100,60936,28.759
"CLAYTON GA",17.4109090909091,2,0.870166666666667,2,1,5.64,18462,13.2,91,40606,33.747
"CLEARFIELD PA",8.54333333333333,2.5,0.493,3,1.02,12.88,19498.5,11.3,56.5,41030,30.379
"CLERMONT OH",14.18,4,0.562571428571429,4,0.96,11.1833333333333,19282,9.4,54,60365,28.221
"CLEVELAND NC",8.68052631578947,4,0.588818181818182,4,0.94,10.6636363636364,18389.6666666667,13.35,50,38989,29.269
"CLINTON IA",13.6454545454545,3,0.5156,3,1,4.14285714285714,19996.5,12.2,53.75,49559,29.434
"CLINTON MO",2.407,3,0,3,0.97,7.1,17900,14.9,50,53826,31.223
"CLINTON NY",14.085,3,0.473142857142857,3,0.93,10.9333333333333,17558,10.7,81,50282,27.74
"COAHOMA MS",2.08333333333333,3,0.487,2,0.98,8.375,18060.5,12.4,54,26407,41.589
"COBB GA",14.4640909090909,3,0.686875,2.5,0.99,8.9,19758.5,10.1,52,63920,22.945
"COCHISE AZ",16.195,2,0.341571428571429,1,0.96,15.1833333333333,18876.5,12,54,45755,23.723
"COCONINO AZ",7.24809523809524,3.66666666666667,0.7116,3.5,0.85,7.81428571428571,17563.6666666667,10.85,49.5,49555,22.05
"CODINGTON SD",13.7918181818182,3,0.319,3,0.88,17.525,18702,14,100,47214,28.412
"COFFEE TN",10.36875,3,1.006,3.33333333333333,1.05,12.5833333333333,16728.5,11.7333333333333,50.25,37618,32.052
"COLES IL",16.6054545454545,4,1.19842857142857,3,0.94,11.1833333333333,18095,12.6,54.3333333333333,37040,26.918
"COLLIER FL",12.1559090909091,2,0.5838,2.5,0.98,7.66,20035.25,12.35,54.5,55843,20.16
"COLLIN TX",11.1878301886792,3.81818181818182,0.592905660377358,3.63636363636364,1.09090909090909,8.54736842105263,20776.1428571429,12.325,53,82762,24.307
"COLUMBIA FL",1.98,3,0.402571428571429,3,1.05,4.21428571428571,18780.25,11.15,50.75,38070,31.597
"COLUMBIA NY",2.56,2,0.9095,1,1.02,10.4833333333333,17459,10.9,55,57336,24.589
"COLUMBIA PA",2.00555555555556,3,1.19825,3,0.98,6.21666666666667,17068,13.1,51,44807,31.396
"COLUMBIANA OH",8.725,2.5,0.369363636363636,3,1.04,5.15,20119.25,10.85,59,42300,31.001
"CONTRA COSTA CA",7.92246153846154,2.85714285714286,1.05736734693878,2.85714285714286,0.902857142857143,3.60869565217391,19641.6666666667,12.02,55,78756,22.729
"COOK IL",12.8273773987207,2.54545454545455,0.704252396166134,2.67391304347826,1.02782608695652,8.97747747747748,19644.5697674419,10.3413043478261,59.8636363636364,54548,24.37
"COOS OR",13.5916666666667,3.5,0.4118,2,0.9,8.35,17066.5,12.8666666666667,54.25,37940,28.634
"CORTLAND NY",1.185,2,0.776,3,0.88,4.14,17958,9.7,55,47151,25.403
"COWETA GA",8.28277777777778,4.5,1.0634,3.5,1.03,3.34285714285714,18910,11.9,51,60813,28.239
"COWLITZ WA",15.5327272727273,3,0.935285714285714,3,0.86,9.53333333333333,18180.5,13.9,43.8,47596,33.574
"CRAIGHEAD AR",13.7754545454545,3.5,0.862714285714286,2,1.005,15.4,20109,15.4,96.5,41393,32.399
"CRAWFORD KS",13.9508333333333,3,0.4425,3,0.97,14.5444444444444,18082,12.55,53.5,37378,31.451
"CRAWFORD MI",2.233,4,0.5325,4,0.89,10.8166666666667,18675.5,11.5,54,40295,29.223
"CRAWFORD PA",13.7390909090909,4,0.549625,2,0.95,8.61666666666667,20181.5,15.3,52.5,42504,30.026
"CRISP GA",1.40875,3,1.2278,3,0.84,12.14,18008,12.7,53.5,35240,31.243
"CROW WING MN",2.57272727272727,4,1.3905,3,0.86,6.86666666666667,16759.6666666667,13.4,52.6,47058,26.867
"CULLMAN AL",13.3309090909091,3,0.524,3,0.97,12.2333333333333,18407.5,12.5,53,38847,30.48
"CULPEPER VA",2.311,3,0.064,3,0.93,8.41666666666667,19010.5,10.7,54.5,64423,29.85
"CUMBERLAND ME",9.94032258064516,3.5,0.707,3.25,0.956666666666667,7.24545454545455,18398.7142857143,12.425,40,57461,20.389
"CUMBERLAND NC",19.6690909090909,3,0.665375,3,0.95,9.26666666666667,17948,9.9,36,45231,31.313
"CUMBERLAND NJ",14.3281818181818,3,0.57075,2,1.05,10.6833333333333,21256.5,10.1,64,50750,30.425
"CUMBERLAND PA",14.2986363636364,3,0.504461538461538,3.5,1.05,9.7,20853,12.1,52.5,60826,25.719
"CUMBERLAND TN",8.30571428571428,3,0.666,3,0.94,13.4916666666667,18159.75,11,54.1666666666667,37188,27.912
"CUYAHOGA OH",11.9022222222222,3.2,0.709037037037037,3.66666666666667,1.002,8.50657894736842,19752.0344827586,9.98,51.875,43804,27.826
"DAKOTA MN",6.37814814814815,4,0.656666666666667,3,0.856666666666667,6.37692307692308,17048.25,13.4,50.5714285714286,73732,24.914
"DALLAS AL",14.274,2,0.563,3,0.95,9.58333333333333,18879,10,47.5,26519,40.003
"DALLAS TX",11.0943426294821,3.2,0.546074626865672,3.45833333333333,1.08703703703704,7.95802469135803,19987.9714285714,12.0666666666667,56.875,49481,27.608
"DANE WI",12.0467647058824,4.25,0.6446,4.5,0.943333333333333,4.86666666666667,18246.4285714286,11.75,54,61721,23.269
"DANVILLE CITY VA",15.5663636363636,2,0.382571428571429,1,1.03,2.22,19449,12.3,47,30786,30.805
"DARLINGTON SC",10.234375,3,0.403714285714286,2.5,1.01,6.65,18840.5,12.6,49.5,36323,33.404
"DAVIDSON TN",12.8558426966292,3,0.824262295081967,3,0.988888888888889,6.46216216216216,19739.8571428571,11.9857142857143,50.8,47335,29.446
"DAVIESS IN",1.23875,3,0.383,3,1.19,6,19508.5,11.7,45,47165,30.928
"DAVIS UT",16.48,3.5,0.281333333333333,3,1.05,13.48,19437.25,14.8,100,69707,23.45
"DEARBORN IN",13.8363636363636,3,0.612333333333333,3,0.98,15.4166666666667,18688,10.5,54.3333333333333,56946,29.831
"DEKALB GA",10.01,2.33333333333333,0.882695652173913,2.66666666666667,0.976666666666667,10.2222222222222,18890.1666666667,11.8,58,50856,26.007
"DEKALB IL",14.1054545454545,3.5,0.580714285714286,4,1.05,5.6375,18175.6666666667,12.6,69.6666666666667,53375,26.943
"DEL NORTE CA",1.31875,3,1.02833333333333,3,0.84,13.625,17254.5,11.4,53,37909,25.263
"DELAWARE OK",1.36888888888889,4,0.1,3,0.99,13.5,20010.5,13.8,50.5,36588,30.879
"DELAWARE PA",13.8105555555556,2.6,0.485666666666667,3,1.052,9.45,20433.1,11.1,55,64041,25.544
"DENTON TX",10.8261842105263,3.85714285714286,0.68275,3.33333333333333,1.09,6.34166666666667,21463.1,11.26,53,74155,26.085
"DES MOINES IA",15.2327272727273,3,0.528428571428571,2,0.88,11.0833333333333,18141,14.8,54,42451,30.387
"DESCHUTES OR",9.0647619047619,3.5,0.727,3.5,0.91,1.68,17629.3333333333,13.1,49,50209,20.125
"DESOTO MS",9.85611111111111,3,0.738083333333333,3,0.98,10.7909090909091,18446.6666666667,11.95,56.3333333333333,58505,31.941
"DICKINSON MI",14.1345454545455,3,0,4,0.94,10.35,18090,10.2,55.5,44136,29.061
"DICKSON TN",2.4,3,0.6465,3,1,3.525,20753.5,10,46,44318,31.436
"DILLON SC",1.07714285714286,4,0.809,4,0.87,4.03333333333333,18286.5,12.8,52,28817,35.667
"DODGE NE",14.3518181818182,3,0.790666666666667,2,1.03,12.65,19473.5,16,48,48626,29.044
"DOUGLAS CO",10.8177419354839,3.33333333333333,0.568526315789474,3.33333333333333,0.98,7.11538461538462,18994.75,11.5666666666667,51,101591,15.623
"DOUGLAS GA",12.8536363636364,3,0.639,3,0.94,10.9166666666667,19076.5,11.7,51.5,52691,30.463
"DOUGLAS KS",13.7572727272727,4,0.2365,3,0.91,9.56666666666667,19319.5,15.3,50,49508,24.08
"DOUGLAS NE",11.4984705882353,3.77777777777778,0.657695652173913,3.5,0.984444444444444,8.18125,19936.0833333333,13.2666666666667,54.2857142857143,53325,26.965
"DOUGLAS OR",14.1863636363636,2,0.517,3,0.86,9.34444444444444,17180.3333333333,12.3,97,40524,30.761
"DUBOIS IN",11.2636363636364,4,1.07333333333333,5,0.93,9.51666666666667,18322.5,12.2,54,54780,28.666
"DUPAGE IL",11.72828125,3.66666666666667,0.6038,3.5,1.06166666666667,9.43235294117647,20961.5,10.7,96,78487,23.484
"DURHAM NC",11.3383870967742,3.66666666666667,0.596666666666667,4,0.92,10.0916666666667,18091,11.25,54.5,51853,27.719
"DUTCHESS NY",7.93,3,0.9395,2.5,0.965,7.32222222222222,19290.5,13.85,56.5,72525,24.697
"DUVAL FL",14.2498701298701,2.85714285714286,1.06977777777778,3,1.01142857142857,10.3,20185.5714285714,10.1428571428571,53.125,48323,27.831
"DYER TN",1.50375,2,0.2245,2,1.02,4.08,19990.5,13.7,50.5,38953,33.539
"EDGECOMBE NC",14.8090909090909,4,0.638333333333333,3,0.93,6.16666666666667,18577,10.8,53,33960,37.979
"EFFINGHAM IL",16.8454545454545,4,1.00275,4,0.96,9.78333333333333,17584.5,10.6,53.5,52108,27.577
"EL DORADO CA",14.8331818181818,4,0.4993,3.5,0.87,13.3181818181818,16578.3333333333,11.7,53.5,69297,20.023
"ELKHART IN",14.08,4,0.673538461538462,3.5,0.955,10.1166666666667,19620.75,14.05,49,45693,29.181
"ELKO NV",1.34444444444444,1,0.2535,2,0.9,12.7,18995,13,50.75,70238,28.907
"ELLIS TX",1.89117647058824,3.5,0.531125,3,1.055,8.9375,18693,12,51.75,61952,28.681
"EMPORIA CITY VA",1.44,3,0.6265,2,0.97,5.95,18099,11.5,52.5,32155,30.904
"ERIE NY",15.3461666666667,2.5,0.875282051282051,2.33333333333333,0.991666666666667,4.92222222222222,18312,13.0833333333333,60.7692307692308,50653,27.041
"ERIE PA",10.8677419354839,2.66666666666667,0.866476190476191,3,1.04333333333333,10.5235294117647,19297,12.525,81,45202,28.4
"ESSEX MA",9.34603773584906,2.8,0.641088235294118,3.2,1.038,7.625,20569.4,10.46,52.5454545454545,67311,23.233
"ESSEX NJ",14.1367123287671,2.42857142857143,0.77616,1.85714285714286,1.08142857142857,7.00645161290323,21495.5714285714,10.5285714285714,54.5,55095,25.819
"ESSEX VA",2.222,4,1.0645,4,0.89,3.74,18539.5,11.6,53.5,44885,29.744
"FAIRFAX VA",14.5852272727273,3,0.792892857142857,3.25,0.955,8.49047619047619,19949.375,11.65,49.5,110292,21.386
"FAIRFIELD CT",15.4540909090909,3,0.780266666666667,2.33333333333333,1.02333333333333,13.3382352941176,20115.5833333333,11.15,49,82283,18.669
"FAIRFIELD OH",13.3566666666667,3,0.811285714285714,2,1,7.2,20719.5,13.3,50.75,58786,29.973
"FAULKNER AR",16.7472727272727,3,0.63675,3,0.99,13.74,18080,15.3,100,50314,29.339
"FAUQUIER VA",15.0709090909091,3,0.0872,2,1.02,10.7833333333333,19141.5,13.6,51.4,88409,25.6
"FAYETTE GA",11.7445454545455,3,0.5565,2,0.95,10.2333333333333,19488.5,12.7,53,79977,26.048
"FAYETTE KY",14.2327272727273,2.5,0.573833333333333,2.75,1.005,9.26956521739131,20354.5,12.3,51.5,48398,27.444
"FAYETTE PA",1.65722222222222,3,0.3195,3.5,0.965,13.1545454545455,16904.3333333333,12.9,54.5,39115,33.911
"FLATHEAD MT",8.1295,3.33333333333333,0.648,4,0.94,9.36923076923077,18547,13,52.5,46581,20.311
"FLORENCE SC",12.4178571428571,3,0.731625,2.66666666666667,0.97,10.49375,16818,11.2,48.5,41910,32.95
"FLOYD KY",2.347,3.5,0.8382,3,0.95,10.0416666666667,18744.6666666667,11.4,50.8,30476,36.038
"FORD KS",2.564,2,0.5575,3,0.89,3.8,18668,13,50,51178,30.43
"FORREST MS",18.0118181818182,3,0.572538461538462,2.5,1,12.1545454545455,20594,13.3,57.5,36726,33.436
"FORSYTH GA",15.6518181818182,4,0.576875,3,0.95,11.6166666666667,19005,11.9,47,86569,23.811
"FORSYTH NC",10.8758064516129,3.33333333333333,0.7551,3.66666666666667,0.95,11.1833333333333,18372.75,11.75,50,45724,25.892
"FORT BEND TX",7.7742,3.2,0.662357142857143,3.5,1.064,12.865,20532.25,11.5,53.4285714285714,85297,25.016
"FRANKLIN KY",2.35,3,0.399833333333333,3,0.97,3.075,20268,11.8,50.5,46071,30.961
"FRANKLIN MA",2.478,3,0.627,3,0.9,4.5,18867,12.5,51,53663,22.387
"FRANKLIN ME",2.218,4,0.115,3,0.95,10.84,17662.5,12.3,57.5,41626,27.151
"FRANKLIN MO",14.0009090909091,3,0.880166666666667,4,0.92,10.6727272727273,19318.6666666667,12.4,52.75,48857,30.367
"FRANKLIN NY",2.539,3.5,0.4425,3.5,0.825,9.72222222222222,18124.5,12.4,53.5,45667,28.073
"FRANKLIN OH",13.39,3.25,0.671203703703704,3,0.98625,8.95641025641026,19117.8461538462,12.2571428571429,54.1666666666667,50877,28.707
"FRANKLIN PA",8.61894736842105,3.5,0.854333333333333,3.5,0.89,7.02727272727273,18960.5,10.5,53.5,52637,29.461
"FRANKLIN TN",13.3027272727273,3,0.2084,2,0.94,10.05,20066,11.3,51.75,42904,30.142
"FRANKLIN VT",2.582,4,1.8385,2,0.98,7.41666666666667,18202.5,11.1,43,56240,27.195
"FREDERICKSBURG CITY VA",13.0863636363636,2,0.617857142857143,2,1,1.65,20570,11,56.5,47040,28.043
"FREEBORN MN",2.398,3,1.02125,4,0.86,9.46666666666667,17901.5,11.7,54.5,44683,28.64
"FRESNO CA",10.8582089552239,3,0.85795,2.71428571428571,0.91875,5.47,19525.7142857143,12.95,55,45563,26.934
"FULTON GA",14.8935135135135,2.85714285714286,0.948653846153846,2.42857142857143,0.978571428571429,8.32051282051282,18843.0714285714,10.8285714285714,54,56857,23.255
"FULTON NY",1.4975,4,0.222,3,0.95,6.4,18061.5,12.9,54,44276,26.555
"GALAX CITY VA",2.265,3,0.193666666666667,2,0.97,11.42,18242,13.5,51,30325,26.659
"GALLIA OH",14.525,3,1.0638,2,1.07,9.66666666666667,21436.5,9,56.3333333333333,39226,29.782
"GARFIELD OK",13.9995454545455,3.5,0.504916666666667,4,0.955,15.2363636363636,19044.25,13.25,53.5,44530,31.752
"GARLAND AR",15.9763636363636,3,1.08328571428571,2,1.005,15.99,18729,16.15,57,39162,28.076
"GASTON NC",13.0854545454545,3,0.536375,4,0.95,9.6,19137.5,12.3,52.5,42017,28.903
"GEORGETOWN SC",14.6304545454545,3.5,0.820636363636364,3,0.945,16.475,19761,11.45,49.8,40131,31.033
"GILA AZ",2.1,2.5,0.6295,3,0.93,9.35555555555556,18411,9.8,52.75,39954,25.868
"GLOUCESTER NJ",15.8209090909091,3,0.421428571428571,3,1.03,5.12,19536,11.2,44.5,74524,26.751
"GLOUCESTER VA",1.42666666666667,4,0.0975,4,0.87,8.28333333333333,18435.5,12.4,52.5,60519,28.956
"GLYNN GA",15.2627272727273,4,0.688,2,0.95,11.9666666666667,18597,12.9,75,46407,28.024
"GORDON GA",2.063,4,0.661857142857143,5,0.92,13.0166666666667,18549.5,10.9,52.5,40926,28.212
"GRAFTON NH",12.89,3.5,0.706272727272727,3.4,1.02,6.89090909090909,17402.75,13.32,54,54912,23.882
"GRAND FORKS ND",14.6090909090909,3,0.339857142857143,3,0.97,10.3,19774,12,100,46745,28.094
"GRANT IN",14.3627272727273,3,1.0552,4,1.05,11.06,20341.5,10.4,44,39747,31.553
"GRANVILLE NC",15.015,4,0.5312,3,0.92,5.175,18097.5,14.8,56.5,49852,33.578
"GRATIOT MI",2.425,3,0.176,3,0.99,12.5666666666667,18701,11,48.3333333333333,40359,32.855
"GRAVES KY",1.15125,3,0.398,3,1.05,8.15,19682,11.3,43.6666666666667,38394,30.261
"GRAYS HARBOR WA",2.46,3,0.3825,2.5,0.93,3.075,17950,13.8,51.6666666666667,42405,32.961
"GRAYSON TX",11.3572413793103,3.66666666666667,0.642533333333333,2.5,1.03666666666667,16.9769230769231,20396.25,11.1,83,46429,26.494
"GREENBRIER WV",2.152,3,0.607714285714286,3,0.95,10.5833333333333,17769.5,14.3,53.75,37895,30.476
"GREENE AR",1.43222222222222,3,0.5135,2,1.01,20.55,19413,16.5,45,38413,32.208
"GREENE MO",12.2665517241379,3,0.5630625,3,0.96,12.54375,18536.25,13.3,8.5,40337,28.824
"GREENE TN",9.1745,3,0.179,3,0.955,12.4444444444444,17126.3333333333,13.5,53.2,35545,31.022
"GREENVILLE SC",7.209,4,0.642346153846154,4.33333333333333,0.951666666666667,8.92333333333333,18659.8571428571,12.86,52.2857142857143,49022,26.364
"GREENWOOD SC",17.7109090909091,4,0.824625,3,1.04,12.3833333333333,18915.5,11.9,100,36540,31.461
"GREGG TX",11.2896153846154,3,0.9232,3.5,1.015,13.1166666666667,18869.75,11.45,48,45525,30.48
"GUADALUPE TX",1.42777777777778,4,0.4262,3,1.15,10.8,20669,13.3,50,61958,28.661
"GUERNSEY OH",15.4372727272727,4,0.400166666666667,3,0.94,7.14,19708.5,12,56.6666666666667,38841,31.014
"GUILFORD NC",14.4881818181818,3,0.4978125,4,0.975,8.425,17934.75,12.25,69.3333333333333,45431,27.283
"HALIFAX VA",14.8918181818182,3,0.774,3,0.91,11.0166666666667,17333.5,13.1,53.5,34659,32.174
"HALL NE",16.0563636363636,3,0.491142857142857,3,0.99,5.43333333333333,19819,10.7,50.5,48712,30.88
"HAMBLEN TN",8.72380952380952,2.5,0.252222222222222,1.5,1.055,9.825,17920.25,13.8,49,39596,29.825
"HAMILTON IN",9.17351851851852,4.16666666666667,0.760652173913043,4,1.01666666666667,10.4545454545455,18887.1428571429,13.425,56.1428571428571,82468,23.529
"HAMILTON OH",12.1113253012048,3.125,0.729018181818182,3.57142857142857,0.9875,10.5142857142857,20439.7142857143,11.4571428571429,53.1666666666667,48593,27.305
"HAMILTON TN",14.269696969697,3,0.810260869565217,2.66666666666667,0.993333333333333,10.1176470588235,19881,12.4333333333333,48.25,46702,29.044
"HAMPDEN MA",10.8424489795918,3,1.20304166666667,3.2,1.034,6.03076923076923,18954.5555555556,11.58,54.5384615384615,49094,26.683
"HAMPSHIRE MA",9.18,3,0.709285714285714,3.5,1.02,7.4,18080.6666666667,11.45,52.5,61227,20.396
"HAMPTON CITY VA",15.2027272727273,4,0.841,3,0.95,12.0166666666667,18848,13.5,68.6666666666667,50705,33.08
"HANCOCK IN",2.384,4,0.897,3,1.01,13.52,18847,12.8,50,62981,29.007
"HANCOCK ME",1.75090909090909,4.5,1.262,3.66666666666667,0.92,7.95,17331.5,12.4666666666667,53.6666666666667,47460,23.946
"HANCOCK WV",13.6754545454545,2,0.982142857142857,3,1.06,14.0833333333333,22475,9.7,50.5,38522,32.535
"HARDIN KY",12.25,3,0.566625,4,0.96,10.7666666666667,18179,11.7,53.5,48687,30.15
"HARRIS TX",10.7602769230769,2.93548387096774,0.651768844221105,3.20689655172414,1.07484848484848,12.1611111111111,21185.1538461538,11.2333333333333,52.0769230769231,53137,26.36
"HARRISON MS",16.8381818181818,2.66666666666667,0.39447619047619,2.33333333333333,1.02,17.5375,19254.8,11.9666666666667,51.6666666666667,43124,31.598
"HARRISON WV",14.2381818181818,3,0.711571428571429,4,0.96,11.9333333333333,18708.5,11.3,69,43183,31.607
"HARRISONBURG CITY VA",12.7136363636364,3,0.599571428571429,3,0.94,10.2333333333333,20195.5,10.7,94,38048,26.561
"HARTFORD CT",14.1964788732394,3,0.72,2.5,1.02428571428571,7.30909090909091,20432.5,10.9166666666667,53.5714285714286,64967,23.496
"HARVEY KS",15.3227272727273,4,0.940333333333333,4,0.92,9.61666666666667,19648.5,10.7,53.5,50287,29.242
"HAWAII HI",1.3692,3,0.469,3,0.876666666666667,11.1,16102.75,11.7666666666667,52.125,51250,22.455
"HAYWOOD NC",13.8818181818182,3,0.0856666666666667,3,0.92,11.15,17745,10.1,54.6666666666667,41557,26.56
"HENDERSON KY",2.002,3,1.00733333333333,4,1.04,6.82,19661,11.9,49.5,41940,30.65
"HENDERSON NC",13.3152380952381,4,0.827363636363636,3.5,0.985,12.8909090909091,19808.75,13,52,44815,24.188
"HENDERSON TX",2.117,2,0.2038,2,1.04,12.7833333333333,19392,14.1,46,40900,27.458
"HENDRICKS IN",13.4504545454545,4,0.597,4.5,0.995,12.3666666666667,19233.5,11.15,48,68297,29.522
"HENNEPIN MN",11.6969620253165,3.28571428571429,0.787705882352941,3.42857142857143,0.925714285714286,6.6625,19235.7692307692,11.0428571428571,48,64403,22.014
"HENRY TN",12.8581818181818,4,0.3315,3,1.02,12.1,17702,12.7,48,36950,32.548
"HENRY VA",11.9254545454545,2,0.329714285714286,3,0.96,9.23333333333333,19708.5,12,48.75,34984,28.782
"HERNANDO FL",13.0386363636364,2,0.929266666666667,2,1.045,10.3,19909.75,12.95,48.3333333333333,41024,26.513
"HIDALGO TX",11.5791803278689,2.66666666666667,0.813485714285714,3.4,0.985,8.084,20954,9.88,54,34146,30.463
"HIGHLANDS FL",13.3527272727273,2.5,0.552,2.5,1.02,14.2222222222222,20834.75,11.25,5,35560,27.363
"HILLSBOROUGH FL",13.7742857142857,2.66666666666667,0.754723076923077,2.33333333333333,1.03444444444444,6.22051282051282,20034.8666666667,11.5111111111111,51.25,49596,25.877
"HILLSBOROUGH NH",13.9171111111111,3.4,0.876931034482759,3.8,1.0075,10.0633333333333,19829.4,11.4,50.5,69829,25.457
"HILLSDALE MI",1.42888888888889,3,0.036,4,0.98,8.98333333333333,19426,12.9,52,41759,29.801
"HINDS MS",15.9188636363636,3.5,0.734375,2.25,1.0225,10.1041666666667,18796.875,12.775,97,37626,33.411
"HONOLULU HI",12.6648571428571,3.57142857142857,0.490591836734694,3.42857142857143,0.888571428571429,8.87666666666667,18411.9285714286,12.0142857142857,58.7142857142857,72764,20.713
"HOOD TX",2.089,2,0.345,3,1.05,15.4333333333333,18925,12.9,57,55754,26.558
"HOPEWELL CITY VA",1.49444444444444,3,0.4638,2,0.97,15.66,19725.5,12.4,43,37933,30.934
"HOPKINS TX",1.45333333333333,3,0.24525,3,1.02,8.72,21132,11.7,45,43657,29.318
"HORRY SC",15.419696969697,3.33333333333333,0.597409090909091,3.33333333333333,0.936666666666667,9.56666666666667,19176.1666666667,11.4333333333333,47.6,42431,27.315
"HOUGHTON MI",2.75272727272727,4.5,0.1565,3.5,0.91,5.44444444444444,17631.5,14.1,51.75,35430,28.157
"HOUSTON AL",18.3304545454545,3.5,1.06075,3.5,1.01,10.6333333333333,18275,13.3,92,40948,32.623
"HOUSTON GA",8.57555555555555,3,0.355090909090909,3.5,0.915,13.6875,17259.6666666667,11.05,51.5,54893,29.889
"HOWARD IN",14.7813636363636,3,0.6165,3.5,1.05,11.3,21659.25,13.05,62.75,43590,31.557
"HOWARD TX",1.255,3,0.4315,2,1.04,7.6,19765,13.2,48.5,45612,28.914
"HOWELL MO",13.8563636363636,3,0.4694,3,0.91,14.9833333333333,17217,14.9,100,32533,29.669
"HUDSON NJ",11.5455172413793,2.16666666666667,0.486527777777778,1.83333333333333,1.085,7.956,20988.9166666667,11.35,56,58442,23.032
"HUMBOLDT CA",8.6885,2.5,1.04791666666667,3,0.875,7.94444444444444,15378,13.2666666666667,53.3333333333333,41426,24.581
"HURON MI",1.64222222222222,4,0,4,0.88,10.1083333333333,17616.5,12.2,51.6666666666667,40204,29.554
"HURON OH",2.22181818181818,4.5,0.8295,4,0.92,5.82,19209.3333333333,11.4,54,49404,31.015
"IMPERIAL CA",2.4755,2,0.9705,2,0.955,10.72,19103,12.15,100.285714285714,41807,24.39
"INDEPENDENCE AR",16.8154545454545,3,1.00228571428571,2,0.99,12.05,20434.5,14.1,47.5,35026,29.886
"INDIANA PA",2.229,3,0.449666666666667,3,0.99,9.525,19385.5,13.1,64.6666666666667,43997,29.606
"IREDELL NC",10.03125,2.66666666666667,0.470176470588235,2.66666666666667,0.933333333333333,5.98666666666667,18279.5,12.6333333333333,49.1666666666667,50329,26.984
"ISABELLA MI",1.30222222222222,3,0,4,0.92,7.35,19047,12.1,53,36372,29.655
"JACKSON FL",2.837,4,0.300666666666667,3,1.03,13.2,17965,11.25,53,36809,31.166
"JACKSON GA",1.34714285714286,2,0.2985,2,0.94,11.0333333333333,18464.5,12.9,48,53179,26.436
"JACKSON IL",12.6409090909091,4,0.5713,3,1.02,10.0285714285714,19153,10.55,52,33479,28.024
"JACKSON MO",10.7871739130435,3,0.678774193548387,3.11111111111111,0.945555555555556,10.0478260869565,18906.6875,12.175,52.1666666666667,47015,30.071
"JACKSON OK",2.223,4,0.299,3,0.87,22.2,18484.5,12.1,49.5,42824,30.817
"JACKSON OR",10.514375,3.33333333333333,0.82375,3.33333333333333,0.913333333333333,7.06666666666667,17515.8,13.9333333333333,56,44005,23.102
"JAMES CITY VA",8.0495,4,0.244333333333333,4,0.98,8.56666666666667,17529.3333333333,11.55,69.6666666666667,76960,25.486
"JEFFERSON AL",15.2198780487805,3.42857142857143,0.774735849056604,2.71428571428571,1.00714285714286,13.2675675675676,18847.3571428571,12.2142857142857,58.3333333333333,45429,31.356
"JEFFERSON AR",13.0727272727273,2,0.266625,2,1.07,15.15,18480.5,12.6,64.3333333333333,37140,36.113
"JEFFERSON CO",11.1351724137931,3.66666666666667,0.669705882352941,3.66666666666667,0.95,3.71111111111111,20095.5,11.7,8,68984,17.775
"JEFFERSON IL",8.32428571428571,3.5,0.4809,2.5,0.975,4.71111111111111,17393.3333333333,11.45,37.6666666666667,42981,29.926
"JEFFERSON IN",2.308,4,0.3044,4,0.95,12.8,20472.5,12.4,46,43795,31.31
"JEFFERSON KY",16.8174418604651,2.75,1.05916129032258,2.5,1.005,10.7916666666667,19817.25,11.8,51.25,46959,30.049
"JEFFERSON NY",2.466,3,1.39757142857143,2,0.94,8.3,18457.5,14.1,52.3333333333333,46484,28.111
"JEFFERSON PA",1.70125,4,0.1925,3.5,1.05,8.1,19072.75,11.85,51.25,41262,28.709
"JEFFERSON TX",14.3354545454545,2.66666666666667,0.921045454545455,3,1.07666666666667,12.82,20463.5,13.2333333333333,67.1666666666667,42568,31.715
"JERSEY IL",1.10142857142857,4,0,3,1.05,13.9,19274.5,13.9,52,53954,28.275
"JIM WELLS TX",2.15111111111111,3,0.6782,3,1.09,21.5666666666667,20793.5,11.2,47,40585,28.038
"JOHNSON KY",1.09857142857143,3,0.33975,3,0.92,6.75,18809.5,11.5,51.5,34090,36.465
"JOHNSON TX",7.77095238095238,3.5,0.202692307692308,4,1.055,5.9,19732,9.5,50.1666666666667,57535,29.848
"JOHNSTON NC",14.7972727272727,4,0.738428571428571,3,0.96,12.0166666666667,19185,11.5,45.6666666666667,49711,32.306
"JONES MS",13.4472727272727,3,0.837285714285714,1,0.91,6.575,18322.5,12.3,49.6666666666667,38074,35.227
"JOSEPHINE OR",14.1872727272727,3,0.156428571428571,3,0.88,10.6666666666667,17114.5,14.7,52.3333333333333,37733,24.828
"KANAWHA WV",13.7651515151515,3,0.6482,3.33333333333333,0.94,10.5875,19787.6666666667,10.7333333333333,63,46085,30.581
"KAUAI HI",2.307,3.5,1.06,3.5,0.87,2.33333333333333,17787,12.6,55.75,62052,20.734
"KAY OK",1.79823529411765,3,0.8214,3.5,1,9.38571428571429,16780,12.6,52.5,41012,29.987
"KENNEBEC ME",8.02190476190476,4,0.5914,4,0.97,2.35,18731.5,12.75,53.5,46808,29.262
"KENOSHA WI",14.6586363636364,3.5,0.482642857142857,3.5,0.98,10.1833333333333,19666,12.5,59.5,54930,29.523
"KENT MI",13.0945454545455,3.66666666666667,0.937695652173913,3.66666666666667,0.95,10.3555555555556,18702.1666666667,11.7666666666667,53.25,51667,28.016
"KENT RI",15.8436363636364,3,1.34342857142857,3,1,4.12,19079,11.1,62,62279,24.816
"KENTON KY",13.7045454545455,3,0.507125,4,1.03,9.7,20066,10.8,52.5,54270,27.609
"KERN CA",10.9154285714286,1.875,0.812571428571429,1.875,0.99,8.06538461538462,19364.9,11.7714285714286,49.3333333333333,48552,28.051
"KERR TX",13.082,4,1.0075,3,1.06,10.5333333333333,19638.5,14.8,50.25,43601,25.729
"KERSHAW SC",2.655,3,1.1175,4,0.98,10.1166666666667,18911,11.4,53.6666666666667,43765,30.176
"KING WA",14.6693617021277,3.07142857142857,0.964258064516129,3.21428571428571,0.961538461538462,9.19466666666667,19210.962962963,12.2928571428571,60.35,71811,21.206
"KINGS CA",15.3683333333333,1.5,0.93325,2,0.89,22.04,18046,11.8,57.3333333333333,48133,25.612
"KINGS NY",11.4009166666667,1.69230769230769,1.0681847826087,1.46153846153846,1.02230769230769,6.48292682926829,19512.1538461538,10.2307692307692,64.2727272727273,46085,23.324
"KLAMATH OR",14.6918181818182,3,1.229,3,0.83,11.0166666666667,18534.5,14.4,79,39627,27.322
"KNOX IL",2.371,3.5,0.664285714285714,3,1.02,7.98,18515.5,12.7,56,40667,27.613
"KNOX IN",13.4,4,1.14828571428571,3,1.07,16.2166666666667,19397,13.9,50.5,42119,30.464
"KNOX KY",12.6627272727273,3,0.506,3,0.96,10.6888888888889,17578,12.2,49.5,24038,32.803
"KNOX ME",2.332,4,0.7855,3,0.91,3.16,17768.5,11.7,52.25,49755,23.464
"KNOX OH",1.929,3,0.2805,3,0.99,12.7166666666667,18936,13.2,51,49750,28.897
"KNOX TN",15.3147727272727,3.5,0.8699375,3,0.9725,10.7666666666667,19243.125,13.9,67.3333333333333,47694,28.254
"KOSCIUSKO IN",1.55333333333333,3,0.0855,3,0.98,7.68,19147.5,12.1,52,50859,29.608
"LACKAWANNA PA",16.8548484848485,2.66666666666667,0.668954545454545,1.66666666666667,1.10666666666667,9.2375,20436.3333333333,13.8333333333333,64.5,46044,26.242
"LAFAYETTE MS",13.0136363636364,3,0.890125,4,0.96,6.96,18954,11.8,68.3333333333333,43328,31.578
"LAKE FL",15.3975757575758,2.66666666666667,0.844545454545454,2.33333333333333,1.00666666666667,6.9625,20034,11.5333333333333,49,45035,26.393
"LAKE IL",11.9023214285714,3.2,0.802878787878788,4,1.006,11.3481481481481,20789.25,10.45,48.25,77469,24.905
"LAKE IN",11.878125,3.44444444444444,0.677673076923077,3.44444444444444,1.06222222222222,11.369387755102,20073.1875,10.9222222222222,97,49035,33.208
"LAMAR TX",18.1227272727273,3,0.681428571428571,3,1.04,3.65,20791,12.4,100,40104,28.104
"LANCASTER PA",11.9068292682927,3,0.541814814814815,3.25,0.9875,11.05,19083.8571428571,11.4,54,56483,27.633
"LANCASTER SC",2.38,3,0.5682,2,0.95,4.15,18345.5,13.8,55.3333333333333,42217,31.316
"LANE OR",12.3357142857143,2.75,0.348777777777778,2.8,0.856666666666667,4.4,16533.8333333333,14.275,54.1666666666667,42931,26.333
"LAPEER MI",11.8990909090909,2,0.585714285714286,3,0.93,10.75,21606,9.6,45,52939,30.788
"LARIMER CO",10.530625,4,0.6346,3.66666666666667,0.9425,10.2904761904762,18820.3333333333,13.8333333333333,58,58626,17.172
"LAUDERDALE MS",12.2167857142857,3,0.772117647058824,2.5,1.10333333333333,13.1666666666667,19589.25,11.7,94,36203,33.14
"LAUREL KY",16.0754545454545,3,0.572833333333333,3,0.92,11.2333333333333,18880.5,11.2,46.5,36570,33.301
"LAURENS GA",15.2854545454545,4,0.593571428571429,4,0.94,3.24,19720,14.3,51.5,34793,32.539
"LAWRENCE PA",8.73166666666667,2.5,0.612888888888889,3,1.025,12.4444444444444,18925.3333333333,11.3,50.75,43546,29.137
"LEE AL",15.5,4,0.779625,4,0.9,12.7,17940.5,12.1,49,43542,29.396
"LEE FL",10.8240476190476,2.25,0.745037037037037,2,1.0375,12.7473684210526,20342.5,11.55,50.4444444444444,47439,24.618
"LEE IA",1.94411764705882,4,0.591,3,0.89,12.2666666666667,18017.75,12.85,51,42469,30.142
"LEE NC",16.329,3,0.182166666666667,2,0.92,1.98,18880,11.8,43.3333333333333,44819,28.12
"LEFLORE MS",15.3254545454545,2,0.233333333333333,2,1.02,12.04,18542.5,13,50.5,24480,39.572
"LEHIGH PA",11.5789361702128,3.8,0.709086956521739,3.2,0.966,11.0190476190476,18933.5,11,55,54923,26.984
"LENAWEE MI",2.42909090909091,3,0.240571428571429,3,0.94,5.7,17575.3333333333,12.75,67.3333333333333,47766,30.476
"LENOIR NC",16.0136363636364,3,1.48571428571429,2,0.98,9.025,17695,12.5,51.5,35770,33.389
"LEON FL",13.9831818181818,3,0.8020625,2.5,1.025,5.65,19553.5,12.9,53,46369,25.936
"LEWIS WA",14.3472727272727,3,0.447,3,0.89,9.26,17874.5,13.9,52.8,42860,32.415
"LICKING OH",13.402,3,0.191428571428571,3,0.97,9.48333333333333,17744,15.5,52,55114,29.443
"LINCOLN NC",13.9781818181818,4,0.375142857142857,4,1,11.9666666666667,18390,12.2,47,48940,27.129
"LINCOLN NE",13.1081818181818,3,0.725,3,0.94,13,20015.5,14.4,54,48158,30.86
"LITCHFIELD CT",8.64190476190476,3,0.816333333333333,2.5,0.985,7.35555555555556,19253,13.9,52.6,71338,21.034
"LOGAN OH",2.554,4,1.31366666666667,3,1.07,6.275,19748.5,13.2,50,47542,29.828
"LORAIN OH",13.6913043478261,3.33333333333333,0.710428571428571,3.33333333333333,1.055,8.46428571428571,19573,10.4666666666667,51.5,51816,29.167
"LOS ANGELES CA",10.1275310344828,2.29166666666667,0.82175,2.93243243243243,1.06324675324675,6.69954751131222,20761.7118644068,10.1938461538462,51.5051546391753,55909,20.606
"LOUDOUN VA",14.0945454545455,3,0.555428571428571,3,0.96,9.23333333333333,17898,12.3,54.5,122238,22.428
"LOWNDES MS",13.5890909090909,3,0.19025,3,0.99,13.92,20247.5,12.6,67,37868,33.91
"LUCAS OH",12.9283908045977,3,0.578345454545454,3.375,1.025,7.7,20296.25,10.525,52.6363636363636,41556,30.774
"LUZERNE PA",15.6527272727273,3,0.952904761904762,3,1.09333333333333,10.7277777777778,20513.8333333333,11.8666666666667,54.6666666666667,44402,28.14
"LYCOMING PA",14.1136363636364,4,0.459,4,0.99,9.56363636363636,16401.25,12.4333333333333,51,45430,28.438
"MACOMB MI",13.0462162162162,2,0.561434782608696,2,1.01333333333333,11.6529411764706,20335.5,11.4,54.75,53451,29.331
"MACON IL",14.6777272727273,3,0.645785714285714,2.5,0.97,11.65,18456.25,10.75,100,46559,29.585
"MADERA CA",2.245,2,0.0335,2,0.94,4.7,17479.5,14,77,45625,25.685
"MADISON IL",10.5979545454545,3.4,0.32808,3,0.965,9.012,19417.1111111111,12.92,51.1111111111111,53633,29.497
"MADISON IN",14.5386363636364,3.5,0.680066666666667,3.66666666666667,1.02,11.28,18888.8,10.9333333333333,49.625,43120,32.071
"MADISON KY",12.2618181818182,3.5,0.3742,3.5,0.98,5.93636363636364,18444,11.75,46.6666666666667,42312,29.267
"MADISON TN",15.8068181818182,3,0.4052,3,1.045,7.45454545454546,18737.75,12.1,53,41617,33.114
"MAHONING OH",7.83833333333333,3,0.48404,2.5,1.04,9.7,20239.6666666667,12.0666666666667,50.4,41058,29.094
"MANASSAS CITY VA",14.4081818181818,2,0.778142857142857,2,1.02,11.38,19900.5,14.5,50,71036,27.378
"MANITOWOC WI",1.87894736842105,3.5,0.844666666666667,4,0.94,4.5125,18944,12.25,45.3333333333333,48881,29.756
"MARATHON WI",14.4763636363636,3.5,0.615214285714286,3,0.935,7.6375,19853.5,12.75,100,53363,27.546
"MARICOPA AZ",11.2754952076677,3.03125,0.701091370558376,3.22222222222222,0.9675,6.35754716981132,20631.8125,11.168,50.3125,53596,22.2
"MARINETTE WI",2.147,3,0.55175,4,0.91,10.3,18805.5,11.6,50,40490,29.952
"MARION IL",2.498,4,0.2434,3.5,0.96,11.4625,17400,11.4,52,41010,29.929
"MARION IN",13.2788043478261,3.375,0.910309090909091,3.5,0.992222222222222,11.6809523809524,19403.6428571429,12.2,47.8333333333333,42334,29.691
"MARION MO",13.1172727272727,3,0.48325,3,0.92,11.4,18385,11.6,93,42046,30.451
"MARION OH",13.5490909090909,3,0.26025,3,0.97,9.35,19690,11.2,52,42572,31.079
"MARION OR",6.34586206896552,3.33333333333333,0.579454545454545,3,0.893333333333333,7.70833333333333,18263.5,12.55,51.4285714285714,46885,30.32
"MARION SC",1.185,2,0.0623333333333333,2,0.86,2.3,16205.5,12.2,52,29149,36.462
"MARION WV",2.42555555555556,2,0.692,2,0.96,19.26,19631,13.5,55.5,42152,31.176
"MARQUETTE MI",14.7616666666667,4,0.664142857142857,3.5,1.02,11.5,17377.3333333333,14.1,46.3333333333333,45622,28.744
"MARSHALL AL",18.35,3,0.720428571428571,3,0.98,13.45,19773.5,15.5,55.5,39526,30.214
"MARSHALL IN",1.57333333333333,3.5,0.8025,3,0.98,4.75,17975,11.95,55,45709,28.993
"MARSHALL WV",1.41625,4,1.414,3,0.99,5.18,18573,12.3,51.5,40681,30.823
"MARTIN FL",10.67,2,0.76725,2,1.05,10.5666666666667,20731,13,49,49846,20.417
"MASON KY",12.3527272727273,3,1.0705,3,0.96,17.12,21285,12.7,52,41137,30.132
"MATAGORDA TX",1.17125,3,0.69,3,1.08,4.23333333333333,21292.5,12.5,51.5,43096,29.37
"MAUI HI",18.024,3,0.837428571428571,3,0.86,2.7,17743,14,58,63512,22.062
"MAURY TN",10.2336363636364,4,0.523428571428571,4,0.98,10.9833333333333,19001.5,12.5,47,45336,32.101
"MCCRACKEN KY",15.1095454545455,3,0.9755,2.5,0.99,12.9666666666667,19230.75,15,66.3333333333333,44898,29.43
"MCHENRY IL",11.8271428571429,3,0.780461538461538,4,1.025,8.5625,19552.8,11.6333333333333,50.4,76145,26.247
"MCKEAN PA",2.079375,3.5,0.264666666666667,3.5,0.96,17.8909090909091,17354.6666666667,11.6,53.8,41834,29.262
"MCLEAN IL",14.8795454545455,4,0.659142857142857,3.5,0.93,11.9833333333333,18114.5,15.75,100,62089,28.025
"MCLENNAN TX",15.2959090909091,3,0.643266666666667,2,1.015,11.3666666666667,19463,11.6,86,41922,29.001
"MCMINN TN",2.365,3,0.0533333333333333,3,1.03,13.6166666666667,18471,12.4,49.8,39410,32.108
"MECKLENBURG NC",12.2290769230769,3,0.81963829787234,3.33333333333333,0.963333333333333,9.72727272727273,18414.9166666667,12.3333333333333,48.5,55444,24.207
"MERCED CA",8.625,3,0.511,2.5,0.89,5.2,18145.3333333333,13.55,63.6666666666667,42591,28.839
"MERCER NJ",15.0424390243902,2.25,0.792814814814815,1.5,1.085,5.98823529411765,21152.75,11.05,53.75,73480,23.616
"MERCER OH",2.235,4,0.1775,4,1.09,4.3,18537.5,9.9,52,52535,27.908
"MERCER PA",1.94823529411765,2.66666666666667,0.3028125,3,0.985,13.79375,18829.6,11.8666666666667,56.8333333333333,44301,30.068
"MERCER WV",14.6718181818182,3.5,0.8395,2,0.97,16.6090909090909,18731.75,12.25,53.5,34842,31.403
"MERRIMACK NH",13.2858333333333,3.5,0.3282,3,0.99,4.73333333333333,19126.4,13.7,53.25,65353,25.385
"MESA CO",8.13190476190476,3.5,0.438153846153846,3,0.955,10.4222222222222,17244,13.3,73,49471,21.02
"MIAMI-DADE FL",9.77333333333333,2.76470588235294,0.942658536585366,2.70588235294118,1.04944444444444,6.21764705882353,20561.6666666667,10.8235294117647,49.2142857142857,43100,20.633
"MIAMI OH",14.8954545454545,3,0.304428571428571,3,1.01,7.73333333333333,19608.5,13.4,57.3333333333333,52040,29.42
"MIDDLESEX CT",12.765,4,0.742142857142857,3,0.99,13.42,19496,13,55.3333333333333,76994,22.39
"MIDDLESEX MA",11.0305128205128,3.18181818181818,0.649042253521127,3.18181818181818,1.00636363636364,7.6051724137931,20035.3636363636,10.8272727272727,54.1428571428571,82090,21.771
"MIDDLESEX NJ",15.9090909090909,2.8,0.821641025641026,2.2,1.088,6.28076923076923,22345,12.38,52,79596,23.056
"MIFFLIN PA",2.434,2,0.716666666666667,3,1,9.7,19074,9,67.6666666666667,40384,29.325
"MILWAUKEE WI",11.206404494382,3.77777777777778,0.595071428571429,3.66666666666667,0.947777777777778,10.69,19794.0769230769,11.7857142857143,49.5,43193,30.17
"MOBILE AL",16.3725581395349,3.5,0.873666666666667,2.25,0.97,17.6666666666667,19812.6666666667,12.2,96,43028,32.652
"MOHAVE AZ",12.3179069767442,2.75,0.691391304347826,2.25,0.9,12.4428571428571,18606.5,12.625,54.5,39200,25.908
"MONMOUTH NJ",14.6223636363636,2.8,0.972078947368421,3.4,1.07,4.975,22229,11.2,55.1666666666667,84526,21.257
"MONONGALIA WV",14.8813636363636,3,0.6135625,2.5,1.02,11.7,20510.75,12.15,91,44173,27.548
"MONROE FL",3.0025,3.66666666666667,0.823857142857143,2.66666666666667,0.96,6.35833333333333,19557.25,12.0666666666667,51.25,53607,20.969
"MONROE IN",13.9472727272727,3,0.593285714285714,4,1.03,8.94,20392,12.8,53.5,40052,24.348
"MONROE MI",11.6345454545455,3,0.632714285714286,3,0.99,9.1,20176,11.2,51.5,53972,31.382
"MONROE NY",14.14,3.25,0.74175,3.5,0.925,7.39444444444444,18062.875,11.675,53.5,52394,26.995
"MONROE PA",13.2245454545455,3,0.36425,4,0.99,15.3166666666667,19360,12.9,14,57408,27.329
"MONTEREY CA",8.28368421052632,3,0.713208333333333,3.5,0.9525,4.93684210526316,18927.4,11.95,59.5,59168,22.297
"MONTGOMERY AL",12.9132258064516,3.33333333333333,1.03683333333333,3.66666666666667,0.996666666666667,12.1285714285714,19818,11.8,69.5,44790,33.219
"MONTGOMERY NY",1.928,3,0.14725,3,0.93,5.05,19060.5,14.5,49,44156,26.753
"MONTGOMERY OH",11.9704918032787,3.33333333333333,0.570921052631579,3.8,1.045,10.1333333333333,20083.5,11.42,48,43401,30.158
"MONTGOMERY PA",11.2185714285714,3.25,0.86675,2.57142857142857,0.961,8.84117647058824,20376.4615384615,11.9142857142857,52.875,79183,23.235
"MONTGOMERY TN",12.8,3,0.393375,2,0.98,11.1666666666667,20370,15.4,45,49617,29.42
"MONTGOMERY TX",11.7086666666667,3.33333333333333,1.01929411764706,2.66666666666667,1.14,16.82,20992,13.15,50.25,67766,25.943
"MONTGOMERY VA",15.3472727272727,3.5,0.559076923076923,3,0.985,11.5909090909091,19274,12.35,56,45543,25.248
"MOORE NC",13.5118181818182,4,0.835285714285714,4,0.92,8.8,17418.5,9.5,66.6666666666667,49544,26.11
"MORGAN AL",20.335,3,0.44475,2,0.97,13.2166666666667,18348,12.4,45,44800,30.886
"MORRIS NJ",14.8963636363636,3,0.656,2.66666666666667,1.07666666666667,12.6833333333333,21724,11.9333333333333,51.5,98633,20.158
"MULTNOMAH OR",12.28328125,3.5,0.63104347826087,2.83333333333333,0.913333333333333,10.7724137931034,18714.6666666667,13.2333333333333,45.2857142857143,52511,22.036
"MUSCOGEE GA",12.2256666666667,3.33333333333333,1.053375,3.33333333333333,1.01,11.5181818181818,18906.5,12.1,82,41339,31.619
"MUSKOGEE OK",18.7627272727273,2,0.292142857142857,2,1.06,16.35,20151.5,11.1,55,38502,31.905
"NACOGDOCHES TX",17.9704761904762,3,0.524384615384615,3,1.09,8.85,18949.25,13.6,44.6666666666667,36777,29.086
"NAPA CA",12.7027272727273,3,0.769333333333333,3,0.92,8.21,20554,11.45,53,70443,22.327
"NASH NC",14.9390909090909,3,1.015,2,0.96,8.06666666666667,18504.5,11.2,49.75,43084,31.485
"NASSAU NY",12.7255238095238,2.3,0.911901408450704,1.9,1.046,10.8048780487805,21027.3,11.76,57.5,97690,21.112
"NAVAJO AZ",10.19375,4,0.114833333333333,4,0.845,16.45,19614.5,10.3,49.25,36927,28.863
"NELSON KY",14.4990909090909,3,0.43,4,0.91,11.22,20915,10.3,52.5,43833,29.632
"NEVADA CA",13.9008333333333,3.5,0.80175,3.5,0.92,9.83333333333333,17987.3333333333,11,55.5,57353,19.916
"NEW HAVEN CT",10.2963768115942,3.16666666666667,0.901463414634146,2.71428571428571,1.02142857142857,8.63448275862069,20386.3846153846,12.1,58.2,61996,25.183
"NEW LONDON CT",14.3877272727273,3,0.440857142857143,3.5,1.02,9.36666666666667,20257.5,11.1,55.2,66583,23.895
"NEW MADRID MO",13.6645454545455,4,0.656,4,0.95,12.0666666666667,18540,12.1,44,35793,31.13
"NEW YORK NY",11.4293396226415,2.3,0.728283783783784,2.7,0.975,9.82820512820513,19455.5294117647,9.8,47.5,69659,14.918
"NEWPORT RI",2.83,4,0.7655,4,0.99,11.2,20006.5,10.5,53.5,71713,20.276
"NEWTON GA",2.379,3,0.400833333333333,2,1,15,19358,16.9,58,50580,31.174
"NIAGARA NY",2.14,2.33333333333333,0.855294117647059,2.33333333333333,0.936666666666667,5.13571428571429,19274,11.9666666666667,46.125,47955,27.329
"NORFOLK CITY VA",15.9171875,3.33333333333333,0.821208333333333,3.33333333333333,0.97,10.4222222222222,18778.6666666667,10.9666666666667,73.75,44747,30.437
"NORFOLK MA",12.5257142857143,3,0.704730769230769,3.25,0.9925,8.44782608695652,20016,11.075,52.8333333333333,84916,19.214
"NORTHAMPTON VA",1.15375,3,0.9856,4,0.9,3.98,19758,11.4,54,33635,30.789
"NUECES TX",10.9034375,3,0.990555555555556,3.66666666666667,1.04333333333333,8.1875,19160.25,11.55,54,47057,29.179
"OAKLAND MI",11.3092307692308,2.88888888888889,0.686661971830986,2.77777777777778,1.02416666666667,9.09807692307692,19535.5555555556,10.7777777777778,50.5,65594,25.337
"OCEAN NJ",11.2260975609756,2.25,0.848464285714286,3,1.0875,5.58421052631579,22364.375,11.625,53.7142857142857,61136,26.024
"OCONEE SC",15.2245454545455,3,0.859166666666667,3,0.96,4.94,19909.5,12.9,50.3333333333333,41394,28.584
"OGEMAW MI",2.1,3,1.10666666666667,4,0.95,14.5833333333333,18478,14,52,34619,32.301
"OHIO WV",15.4533333333333,3,0.467,2,1.015,13.9,19879.25,13.45,55.3333333333333,41025,29.244
"OKALOOSA FL",11.5125806451613,3.33333333333333,0.394055555555556,3.33333333333333,0.966666666666667,7.77857142857143,19337.5,13.4,52.25,54684,25.653
"OKEECHOBEE FL",12.9981818181818,2,0.575333333333333,3,0.97,4.525,20670,8.3,62.6666666666667,34570,30.011
"OKLAHOMA OK",10.5825157232704,3.42857142857143,0.835671232876712,3.38461538461538,1.02176470588235,15.3338709677419,19063.2777777778,11.77,47.2222222222222,45215,28.386
"OLMSTED MN",7.07210526315789,4,0.584333333333333,4,0.9,4.1,18589,9.4,54.3333333333333,66252,25.307
"ONEIDA NY",11.0161290322581,2.66666666666667,0.862222222222222,1.66666666666667,0.996666666666667,5.4,18678.3333333333,13.9333333333333,50.5,48729,26.973
"ONEIDA WI",2.2825,3.5,0.976,3.5,0.855,8.56666666666667,17428.6666666667,12.85,52,45759,28.062
"ONONDAGA NY",17.9169696969697,3,1.0495,2,0.98,4.62857142857143,18891.6666666667,11.6,94,54242,26.658
"ONSLOW NC",13.6390909090909,3,0.385333333333333,3,0.92,2.66,19138.5,12.1,53,45450,28.438
"ONTARIO NY",2.13214285714286,3.33333333333333,0.856625,2.66666666666667,0.873333333333333,8.4,17919,12.6666666666667,55.5714285714286,56479,26.577
"ORANGE CA",9.65455882352941,2.38095238095238,0.708037313432836,2.95238095238095,1.065,8.64852941176471,20976.9393939394,11.9058823529412,52.0571428571429,75422,19.254
"ORANGE FL",14.2342424242424,2.66666666666667,0.661391304347826,2.66666666666667,1.02333333333333,5.94375,20521,11.3666666666667,100,47581,23.835
"ORANGE NY",8.688,3,0.801380952380952,2.75,1.01,7.3,20805,11.625,53,70458,24.885
"ORANGEBURG SC",17.4245454545455,3,1.45628571428571,2,0.98,8.26666666666667,17105,10.5,50,34110,39.148
"OSCEOLA FL",7.02923076923077,2,0.743888888888889,2,1.01,4.46666666666667,18977,11.5,55,43891,26.575
"OSWEGO NY",1.52666666666667,3,0.1474,3,1.01,4.72,19236.5,9.6,51,48051,28.391
"OTSEGO NY",10.6709523809524,3,0.5403,2,0.915,10.21,16804,13.3,71,47765,25.237
"OTTAWA MI",6.50862068965517,4,1.36357142857143,4,0.923333333333333,7.32142857142857,16475.5,12.0666666666667,52.3333333333333,56453,25.853
"OTTER TAIL MN",1.53333333333333,4,1.485,4,0.92,3.11666666666667,17065.3333333333,11.1,46.4,48961,27.589
"PALM BEACH FL",10.8996992481203,2.23076923076923,0.755282608695652,2.38461538461538,1.06538461538462,7.594,20600.44,11.8461538461538,58.9230769230769,52432,21.014
"PASCO FL",12.3568253968254,2.83333333333333,0.485634146341463,2.83333333333333,1.045,5.80952380952381,20107.4166666667,11.8833333333333,50,43888,26.55
"PASQUOTANK NC",14.2781818181818,3,0.980666666666667,3,0.91,11,18907,12.3,48.25,46053,32.553
"PASSAIC NJ",15.74,2,0.9035,1.5,1.065,10.1444444444444,22342.25,12.65,55,57654,24.008
"PAYNE OK",10.0482352941176,3.5,0.56175,3.5,0.97,11.84,18632,12.8,51.25,36812,28.596
"PENOBSCOT ME",15.6226086956522,4,0.529333333333333,3.25,1.005,7.1,17747.375,12.75,53.25,43734,28.799
"PERRY KY",14.0645454545455,3,0.795666666666667,2,0.94,17.36,18803.5,11.9,54,33528,35.646
"PETERSBURG CITY VA",13.0618181818182,3,0.399571428571429,2,1.02,14.05,20430.5,10.9,46.5,34424,36.221
"PETTIS MO",15.5472727272727,3,0.57,2,0.84,20.0833333333333,19118,9.9,56,38580,30.409
"PHELPS MO",14.4245454545455,4,0.3532,3,0.96,12.95,21323.5,13.6,51,41964,29.452
"PHILADELPHIA PA",13.2864233576642,2.84615384615385,0.750126315789474,2.53846153846154,1.03846153846154,9.89206349206349,20600.875,10.4833333333333,66.8888888888889,37192,29.297
"PICKAWAY OH",2.574,3,0.524,3,1.02,3.42,19856,12.7,54,54003,31.242
"PICKENS GA",12.5754545454545,3,0.5468,3,0.88,10.1333333333333,18607.5,13.5,48.5,51383,25.638
"PICKENS SC",8.96722222222222,3.5,0.989833333333333,3,1.025,9.22222222222222,18276,12.65,51.25,41788,27.587
"PIERCE WA",14.1332727272727,2.4,0.705147058823529,2.6,0.922,8.74583333333333,19085.1,12.2,56.4444444444444,59204,29.47
"PIKE KY",8.31055555555556,4,0.283818181818182,2.5,0.91,15.33,16956,11.45,60,32961,34.889
"PIKE MS",9.33125,4,0.477222222222222,2.5,0.93,9.55714285714286,15844.3333333333,12.25,44,34841,36.432
"PIMA AZ",14.8883544303797,2.71428571428571,0.903596153846154,2.71428571428571,0.951111111111111,5.27647058823529,19628.8571428571,12.4285714285714,36.3333333333333,45841,21.952
"PINAL AZ",6.11875,3.66666666666667,0.5776,3.25,0.91,5.47,18456.6666666667,11.95,50.8888888888889,50027,29.08
"PINELLAS FL",13.881376146789,2.9,0.636114285714286,2.7,1.076,7.0125,20654.45,12.39,50.1666666666667,45535,24.626
"PITTSBURG OK",14.8981818181818,2,0.3956,2,0.96,17.9166666666667,19549,13.7,53.5,41252,31.652
"PLACER CA",10.2193333333333,3,0.641047619047619,4,0.886666666666667,4.84444444444444,18357.75,14.05,53.5,72725,20.119
"PLATTE MO",12.9481818181818,3,0.537833333333333,3,0.97,10.56,18862.5,11.3,68.6666666666667,67721,28.926
"PLYMOUTH MA",15.2769696969697,2.66666666666667,0.624380952380952,2.66666666666667,1.01333333333333,9.41666666666667,20458.8333333333,9.8,57.1428571428571,75092,23.412
"POLK FL",9.76634615384615,2,0.681,2.2,1.016,7.44736842105263,19472.5555555556,12.14,52.5,43113,30.244
"POLK IA",9.27073170731707,3.25,0.89892,3.25,0.95,9.93888888888889,18258.5,13.2333333333333,53.5,59018,26.919
"POLK MO",1.32222222222222,3,0.9325,3,0.94,13.86,18917.5,11.4,64.3333333333333,39512,29.77
"PONTOTOC OK",9.7478947368421,3.5,0.3477,3,0.925,14.68,17332.6666666667,12.9,51,41881,33.141
"POPE AR",15.7636363636364,3,0.750142857142857,3,1.02,12.95,19723.5,12.6,52,40453,31.102
"PORTAGE OH",2.278,2,0.727125,3,0.96,9.6,20316.5,11.3,51.6666666666667,52697,28.06
"PORTAGE WI",2.353,4,1.16775,4,0.86,9.71666666666667,17909,10.9,55,50996,28.475
"POTTAWATOMIE OK",13.2490909090909,4,0.6926,2,0.96,14.5,18119.5,15.1,50.25,42764,33.114
"PRINCE EDWARD VA",1.65666666666667,4,0.3595,3,0.98,10.2833333333333,18168.5,12.4,53.6666666666667,37436,30.262
"PRINCE WILLIAM VA",9.09611111111111,3.5,0.3687,2.5,0.96,9.81,18963,12.5,60.2,98071,27.307
"PROVIDENCE RI",11.1852777777778,3.14285714285714,0.691978260869565,3,0.985714285714286,6.10967741935484,20009,11.8,58,49297,25.339
"PUEBLO CO",15.4281818181818,3,0.555866666666667,4,0.995,13.2083333333333,18699,11.2,97,41777,24.11
"PULASKI AR",11.3362337662338,3.125,0.754047619047619,2.625,0.99,10.9914285714286,19269.25,12.8428571428571,75.75,46013,29.153
"PULASKI VA",1.51555555555556,3,1.58625,3,0.98,2.9,18576,10.5,49,44312,28.768
"PUTNAM FL",15.2409090909091,2,0.725285714285714,2,1.07,5.58,20497,13,100,32497,31.09
"PUTNAM NY",14.3018181818182,4,1.90271428571429,3,0.99,10.125,21638.5,11.3,52,95117,25.97
"PUTNAM TN",12.5963636363636,3,0.875,3,0.99,10.1833333333333,18951.5,12.3,54,33709,29.836
"QUEENS NY",11.9355128205128,1.625,0.937135593220339,1.25,1.03,6.05,19062.875,12.2125,63.0909090909091,57001,22.261
"RACINE WI",13.6640909090909,3,0.625166666666667,3.5,0.945,9.00833333333333,20480,11.75,47.3333333333333,54090,29.142
"RALEIGH WV",15.0452380952381,1.5,0.733857142857143,2,0.96,10.1454545454545,19864.25,10.85,51.2,40758,32.158
"RAMSEY MN",14.2731818181818,3,0.779344827586207,3.25,0.95,7.63333333333333,19794.125,12.1,50.3333333333333,54247,24.633
"RANDOLPH MO",2.77888888888889,3,0.627,2,0.95,6.875,19400,12.8,49.5,37203,31.703
"RANDOLPH NC",11.8763636363636,3,0.175142857142857,4,0.93,10.7333333333333,19780.5,13.2,49.3333333333333,41208,28.491
"RANDOLPH WV",2.598,3,0.57125,3,0.85,12.4,18687.5,11.9,49.25,37276,31.169
"RENSSELAER NY",8.106,2.5,0.66575,2.5,0.96,5.73333333333333,18569,12.7,46.6,59432,25.918
"RICHLAND OH",13.625,3.5,0.199714285714286,3,0.99,9.42,18191.3333333333,13.9,42,41835,29.849
"RICHLAND SC",14.6369696969697,3.66666666666667,0.85804347826087,2.66666666666667,0.99,10.025,18949.3333333333,11.9666666666667,70,48359,29.945
"RICHMOND CITY VA",12.155625,3,1.12388888888889,3,0.955,6.86666666666667,20124,11.15,56,40496,28.431
"RICHMOND GA",13.3867441860465,2.75,0.965766666666667,2.25,0.99,8.085,19240.375,12.6,56.5,37749,32.268
"RICHMOND NY",19.1659090909091,2,0.969,1,1.025,4.6875,20151,12.15,100,72569,25.591
"RILEY KS",12.0635294117647,4,0.733,3,0.945,3.86,19121.5,12.3,54,43962,24.956
"RIVERSIDE CA",10.5313375796178,2.1875,0.806628571428571,2.4375,1.0125,8.25294117647059,20139.48,11.4384615384615,55.8076923076923,56529,25.165
"ROBERTSON TN",2.217,4,0.288,3,1.03,6.225,19238.5,11.1,52,52792,32.084
"ROCK ISLAND IL",7.91190476190476,2.5,0.6719,2.5,0.945,3.69,19310.5,13.5,50,48702,27.793
"ROCK WI",6.69806451612903,3.33333333333333,0.607352941176471,3.33333333333333,0.98,12.7538461538462,18384.6,13.0333333333333,62.5,49435,30.307
"ROCKDALE GA",17.4109090909091,2,0.8625,2,0.99,4.8,18845,10.5,51.5,52579,31.606
"ROCKINGHAM NC",1.2975,3,0.232666666666667,3,0.97,11.5166666666667,18140,12.8,50.5,38567,31.693
"ROCKINGHAM NH",15.1140625,3.33333333333333,0.579777777777778,3.33333333333333,1.01666666666667,8.35882352941177,19942.6666666667,11.2,7,77348,24.454
"ROCKLAND NY",12.8123076923077,2,0.651666666666667,2,1.065,9.0625,23119.75,11.9,53.3333333333333,84951,22.895
"ROSS OH",15.4409090909091,3,0.653857142857143,3,0.98,8.95,17924.5,11.7,59,43264,31.966
"ROWAN KY",14.5618181818182,3,0.5064,2,0.9,8.72,19899,13.4,51.5,35236,33.009
"RUTHERFORD NC",1.52666666666667,3,1.2888,3,0.96,9.45,18029.5,11.6,51.5,36334,27.695
"RUTHERFORD TN",11.8611111111111,3,0.661294117647059,3,1.13666666666667,3.37777777777778,18882.5,12.35,49.5,55401,30.716
"RUTLAND VT",13.6118181818182,4,0.328,3,0.94,9.06666666666667,17905,13.4,53,49271,25.785
"SACRAMENTO CA",12.7465060240964,2.875,0.784426229508197,2.875,0.8975,4.12307692307692,19731.4615384615,12.1857142857143,53.5833333333333,55064,25.781
"SAGINAW MI",13.2919230769231,3,0.604466666666667,2,0.973333333333333,14.5583333333333,19223.25,12.1,73.6666666666667,42331,35.681
"SALEM NJ",2.08833333333333,2.5,0.717428571428571,2.5,1.035,4.86666666666667,20498.5,11.25,52.5,59718,30.229
"SALT LAKE UT",10.0582828282828,3.3,1.02467924528302,3.5,1.011,11.3978260869565,19713.3846153846,12.325,53,60555,23.541
"SAN BENITO CA",2.661,2,0.945,2,0.86,20.525,17648,12.5,54,66237,23.452
"SAN BERNARDINO CA",7.11827868852459,2.5,0.64721875,2.64285714285714,0.990714285714286,6.71914893617021,18220.2727272727,11.7,49.4583333333333,54090,27.215
"SAN DIEGO CA",11.4553548387097,3,0.872185185185185,3.6,0.983333333333333,6.85714285714286,20103.3703703704,11.8357142857143,52.3181818181818,62962,21.091
"SAN FRANCISCO CA",9.98736842105263,2.66666666666667,0.775690909090909,2.88888888888889,0.927777777777778,8.85128205128205,18762.1333333333,11.4125,62.5,75604,15.725
"SAN JOAQUIN CA",8.20805970149254,2.42857142857143,0.895720930232558,2.42857142857143,0.962857142857143,4.81818181818182,19700.0833333333,12.0666666666667,55.5714285714286,53380,28.398
"SAN LUIS OBISPO CA",10.6578125,3.33333333333333,0.4838125,3.33333333333333,0.956666666666667,6.13,18284.3333333333,12.3333333333333,51.6,58697,21.442
"SAN MATEO CA",7.47762711864407,3,0.938205128205128,3.16666666666667,0.934285714285714,11.075,19842.8333333333,11.0666666666667,53.75,88202,18.992
"SANDUSKY OH",2.29,3.5,0.08825,3.5,1.055,9.21,18131,11.9,49,46140,30.724
"SANTA BARBARA CA",9.08634146341463,3,0.700789473684211,3.6,0.9475,8.99166666666667,17710,12.68,51.375,62779,19.68
"SANTA CLARA CA",11.152,2.88888888888889,0.930621212121212,2.77777777777778,0.954444444444444,7.11714285714286,20030.2,11.5,66.8,91702,19.705
"SANTA CRUZ CA",6.23838709677419,3,0.322928571428571,4,0.953333333333333,2.18888888888889,18819.5,13.8,58,66519,19.445
"SARASOTA FL",13.9163636363636,2.75,0.7,3.75,1.0375,6.72631578947368,20979.375,11.9,47,49052,20.159
"SARATOGA NY",14.0290909090909,4,0.56,3,0.92,10.05,18948.5,14.4,50.5,69826,25.079
"SCHUYLKILL PA",2.03896551724138,2.66666666666667,0.872142857142857,2.66666666666667,1.03333333333333,6.00833333333333,19214,11.7666666666667,56.2,45012,30.49
"SCIOTO OH",8.62444444444444,3,0.981875,4,1.345,16.02,21421,10.9,50.75,35379,32.65
"SCOTLAND NC",2.129,4,0.375666666666667,4,0.89,10.0166666666667,17983,11.2,45.3333333333333,29592,34.453
"SCOTTS BLUFF NE",15.7,3,0.72225,3,0.95,8.45,19151.5,12.6,51.5,43444,30.923
"SEDGWICK KS",14.2237288135593,3.83333333333333,0.532346153846154,4.16666666666667,0.98,13.1166666666667,19416,11.925,52,49865,28.463
"SEMINOLE FL",15.0609090909091,2,0.981285714285714,2,1.03,5.32,19980,10.5,49.5,58175,23.981
"SHEBOYGAN WI",2.242,4,0.18425,3.5,0.94,1.72857142857143,18981,13.6,48.6,52920,26.527
"SHELBY TN",14.15109375,2.66666666666667,0.880121951219512,2.33333333333333,1.05,13.2032258064516,19017.2222222222,11.44,66.3333333333333,46250,32.578
"SKAGIT WA",9.32333333333333,3.33333333333333,0.399454545454545,3.33333333333333,0.925,8.05333333333333,17536.8,13.3,76.4,55925,26.888
"SMYTH VA",2.364,3,0.3145,3,0.91,3.4,17878.5,13.6,51.5,37239,27.451
"SNOHOMISH WA",9.66125,2.75,0.639842105263158,2.75,0.955,6.22352941176471,17974.8,12.85,51.75,68381,27.603
"SOLANO CA",5.71444444444444,3,0.837888888888889,2.75,0.9025,3.0375,19870.1666666667,12.7333333333333,50,67177,26.638
"SOMERSET PA",1.416875,3.5,0.771875,2.66666666666667,0.955,7.39090909090909,17540,11.95,54.8333333333333,43597,31.217
"SONOMA CA",7.57183673469388,3.16666666666667,0.737689655172414,3.33333333333333,0.924,6.57727272727273,18014.875,12.4,56,63356,21.256
"SPARTANBURG SC",15.6304545454545,3,1.04528571428571,3,1.03,7.94545454545455,18053.25,12.4,51.5,42919,29.053
"SPOKANE WA",14.3820454545455,3,0.643857142857143,2.75,0.9875,2.72222222222222,19179.75,13.1,50,49233,27.075
"STAFFORD VA",15.377,4,0.759,3,0.99,3.2,20166,10.1,53,97110,29.277
"STANISLAUS CA",11.7363829787234,2.8,0.637916666666667,2.5,0.958,6.90588235294118,19407.4285714286,12.375,51.75,49297,30.091
"STANLY NC",2.819,3,0.1042,3,0.97,13.4333333333333,19270.5,12.6,48,42518,27.744
"STARK OH",11.3867441860465,3,0.690625,3.5,1.045,9.54782608695652,20479.8571428571,11.6,54,45641,29.952
"STEARNS MN",13.9563636363636,4.25,0.709625,4,0.96,5.01875,19078,11.25,57,54551,26.723
"STEELE MN",2.28888888888889,4,0.481,3,0.82,2.95,18392.5,12.7,54,56480,27.146
"STEPHENS GA",1.75666666666667,3,0.837,3,0.94,8.225,18264,12.5,55,37898,29.707
"STEPHENSON IL",15.71,3,0.708,3,0.99,11.7,18463,12.6,70.6666666666667,43472,27.878
"STEUBEN NY",1.66,3.33333333333333,0.434142857142857,3.33333333333333,0.853333333333333,9.81818181818182,16632.25,12.5666666666667,53.8571428571429,47476,28.369
"STORY IA",13.5809090909091,4,0.739625,3,0.94,5.32,19012,13,52,50516,25.023
"STRAFFORD NH",9.21047619047619,4,0.661461538461538,4,1.005,9.31,19136,11.95,54,58825,27.298
"SUFFOLK CITY VA",15.1309090909091,4,1.02,4,0.95,8.88333333333333,19242,13,52,66085,30.048
"SUFFOLK MA",13.1351923076923,3.2,0.788044117647059,3.33333333333333,1.012,9.528,19434,9.84444444444444,51.75,53540,20.79
"SUFFOLK NY",12.9363247863248,2.63636363636364,0.985452054794521,2.18181818181818,1.02909090909091,9.66734693877551,20569.4090909091,11.4363636363636,53.5294117647059,87763,23.364
"SULLIVAN NY",1.44375,2,1.02,2,0.98,6.14,21582.5,11,50.8,48089,26.397
"SUMMIT OH",8.63,3.5,0.68225,3.25,1.0125,10.93125,18681.8,12.3666666666667,45,49669,28.618
"SUMNER TN",14.3036363636364,3,0.743076923076923,2.5,1.015,13.1909090909091,19091.5,13.6,51.5,55509,27.706
"SUMTER FL",15.8236363636364,2,0.613142857142857,3,1.01,3.35,19910.5,12.8,0,48493,27.466
"SUMTER SC",17.6663636363636,3,0.436875,3,0.97,15.36,18373.5,11.7,49.3333333333333,41366,33.955
"SURRY NC",2.4575,3.5,0.446111111111111,3.5,0.92,9.46666666666667,17555,11.5,50.6,35641,28.829
"SUSSEX DE",14.0863636363636,3.33333333333333,0.91905,3.66666666666667,0.97,7.91764705882353,20912.8333333333,11.5333333333333,50,52710,28.891
"SUSSEX NJ",13.5327272727273,3,0.562571428571429,3,1.04,4.8,20912,13.1,63.3333333333333,87335,24.449
"TALLADEGA AL",2.17333333333333,3,0.0735714285714286,3,1.005,9.26,19105.25,12.1,54.8333333333333,35439,34.85
"TALLAPOOSA AL",10.0873333333333,3,0.104,2.5,0.95,13.38,18905.3333333333,12.25,48.75,39130,33.318
"TARRANT TX",10.8926737967914,3.63157894736842,0.725899082568807,3.52941176470588,1.079,6.80727272727273,20457.1923076923,11.6785714285714,47.6428571428571,56853,26.485
"TAYLOR KY",1.68222222222222,4,0.871,3,1,12.05,20194,10.5,51.75,36384,30.814
"TAYLOR TX",13.1372727272727,3,0.542230769230769,3.5,1.045,11.3833333333333,20146.25,13.05,93,44891,27.796
"TAZEWELL IL",2.225,4,1.519,3,0.99,10.55,18317.5,13.5,51,56067,27.181
"TAZEWELL VA",1.63642857142857,3,0.200333333333333,3,0.92,13.5,16602.3333333333,11.95,58,35693,29.313
"TIOGA PA",2.208,3,0.7335,3,0.99,20.96,19348.5,12.5,53.5,44187,30.566
"TOMPKINS NY",2.273,4,0.496142857142857,3,0.9,9.5,17598.5,15.4,96,51393,23.003
"TRAVIS TX",10.7376470588235,3.63636363636364,0.71746,3.625,1.058,5.28571428571429,20076.25,11.9571428571429,51.7777777777778,58025,21.537
"TROUP GA",14.3909090909091,3,1.21085714285714,4,0.94,9.56,19860.5,10.1,52.5,41161,29.587
"TRUMBULL OH",13.6013636363636,2.5,0.2756,4,1.055,11.7090909090909,20325.5,9.95,57,42880,29.794
"TULARE CA",12.1743333333333,2.33333333333333,0.974277777777778,2.33333333333333,0.973333333333333,10.4666666666667,19015.8333333333,13.5333333333333,56.25,42708,28.454
"TULSA OK",9.37691588785047,3.45454545454545,0.72638,3.36363636363636,0.963636363636364,11.7382978723404,17719.75,11.7,53.75,48181,27.991
"TUOLUMNE CA",12.6981818181818,3,0.9668,2,0.83,8.86666666666667,19133,13.4,56,48426,21.887
"TUSCARAWAS OH",13.283,4,0.8154,3,1.01,9.55555555555556,18834.3333333333,12.55,48.6666666666667,43739,31.153
"ULSTER NY",12.1638888888889,2.5,0.343625,2.66666666666667,0.935,4.76,17953.6666666667,13.3,53.5,58590,25.705
"UNION AR",18.22,3,0.390166666666667,3,1.08,9.78,20526.5,16.9,50,37435,31.703
"UNION MS",2.307,4,0.3415,4,0.97,11.4833333333333,18014,14.9,49.5,38373,31.617
"UNION NC",13.9872727272727,2,0.796857142857143,2,0.98,2.525,18637.5,15.3,48,65892,26.467
"UNION PA",2.434,4,0.662,3,0.94,12.1166666666667,17242.5,14.4,50.5,48528,28.21
"UTAH UT",5.92833333333333,3.6,0.42348,3.5,1.0025,9.6,19173.7142857143,12.875,44,60196,23.162
"VAL VERDE TX",2.215,3,0.3295,3,0.86,10.175,18617.5,11.4,59,40450,27.221
"VANCE NC",2.06666666666667,3,0.543142857142857,2,0.96,9.43333333333333,18584.5,14.7,54.3333333333333,34987,34.247
"VANDERBURGH IN",15.6654545454545,3.5,0.878785714285714,3,1.015,11.3727272727273,19353.75,12.65,46.6666666666667,43540,29.978
"VENANGO PA",14.0627272727273,3,0.242571428571429,4,0.96,10.05,20231.5,12.2,49.6666666666667,41977,29.6
"VENTURA CA",15.306,2.71428571428571,0.752,2.85714285714286,0.993333333333333,7.74137931034483,19896.8333333333,11.5833333333333,49.8888888888889,76544,21.498
"VERMILION IL",1.33777777777778,3,0.403666666666667,3,0.98,6.04444444444444,17845.6666666667,12.85,51.3333333333333,41400,30.122
"VIRGINIA BEACH CITY VA",15.3359090909091,4,0.556642857142857,3.5,0.96,9.75833333333333,19624.75,10.5,60,65219,26.02
"VOLUSIA FL",13.9150909090909,3.2,0.696972222222222,2.6,1.038,5.95652173913043,19858.6,12.68,48.6,42457,24.99
"WAKE NC",14.215,3.5,0.669766666666667,3,0.98,7.20909090909091,18525,12.425,48.2,66006,24.786
"WALKER AL",13.6636363636364,3,0.619285714285714,3,0.97,15.62,19582,13.1,55.75,37566,32.67
"WALKER TX",1.997,2,0.750571428571429,2,1.1,11.5166666666667,19589,15.4,53.5,37617,29.871
"WALLA WALLA WA",8.81190476190476,3.5,0.536666666666667,3,0.915,7.12,19173.75,14.8,52.5,46597,26.206
"WALTON FL",1.54294117647059,4,0.695,3.5,1.03,11.575,18676.6666666667,12.1,51.5,43640,26.066
"WALTON GA",2.778,2,0.43175,2,0.98,4.2,19456.5,12.9,51.5,52369,28.528
"WALWORTH WI",1.53,4,0.812428571428571,3.5,0.98,11.4272727272727,17610,12.95,49.4,54020,25.176
"WAPELLO IA",2.535,3,0.1315,3,0.95,14.44,21062.5,11.8,53,41425,29.42
"WARE GA",14.6218181818182,3,0.574428571428571,3,0.95,9.23333333333333,20708,12.3,54,34572,31.356
"WARREN KY",16.0654545454545,3.5,0.744692307692308,3.5,1.015,10.6363636363636,19448.25,11.1,52,44135,28.514
"WARREN NJ",14.1895454545455,2,0.582583333333333,2.5,1,6.67777777777778,21704.5,11.3,56.2,70912,26.3
"WARREN NY",17.0854545454545,3,0.430857142857143,4,0.99,3.82,16866.5,12.4,71.3333333333333,55904,26.394
"WARREN PA",2.398,3,0.675,3,0.89,9.51666666666667,18583.5,12.4,52.5,43764,29.052
"WASCO OR",1.66333333333333,4,0.87,3,0.93,15.72,17438.5,12.9,53.5,43765,28.906
"WASHINGTON AR",11.4886206896552,3.33333333333333,0.633941176470588,3,1.00333333333333,10.34,20014.25,14.1,100,41248,26.459
"WASHINGTON OH",15.3863636363636,3.5,0.46475,2.5,0.99,11.3,19251.5,13.2,48,42834,30.578
"WASHINGTON OK",15.7318181818182,3,0.903166666666667,2,1,9.93333333333333,18556,14.8,100,48687,29.029
"WASHINGTON OR",9.72974358974359,3.75,0.51012,3.5,0.875,10.1941176470588,18398.6666666667,13.0333333333333,45.5,64180,23.38
"WASHINGTON PA",5.97388888888889,3.75,0.62935,3,1.045,13.8733333333333,19022,11.4333333333333,60,53693,29.051
"WASHINGTON RI",2.2335,4,0.748583333333333,4,0.965,11.9363636363636,20390.25,10.6,55,72138,20.981
"WASHINGTON TN",10.1257894736842,3,0.457428571428571,3,0.975,10.46,18561,12.55,52,42075,29.273
"WASHINGTON TX",1.47222222222222,3,0.858,3,0.85,3.65,17543,11.6,52,44858,28.764
"WASHINGTON VA",15.6336363636364,2,0.457428571428571,3,0.91,8.06666666666667,18606,13.3,50,41897,27.696
"WASHINGTON VT",1.33888888888889,3,0.179,4,0.94,9.16,17684.5,12.9,53.5,57281,21.854
"WASHTENAW MI",7.94975,3.33333333333333,0.5787,3.33333333333333,0.995,9.45,18862,11.3333333333333,51.6,59055,24.466
"WATAUGA NC",13.5363636363636,3,0.1405,3,0.93,2.46,18282,11.2,53.5,34293,24.396
"WAYNE MI",14.0186,2.92857142857143,1.05078846153846,2.28571428571429,1.02428571428571,11.5688311688312,20288.4230769231,10.3846153846154,50.1052631578947,41184,32.961
"WAYNE NC",14.3281818181818,3,0.522375,3,0.95,10.0833333333333,18245,11.5,49.25,41731,32.083
"WAYNE NY",2.934,3,0.466428571428571,2,0.91,9.16666666666667,19790,11.5,52,52601,27.965
"WAYNE OH",2.616,4,0.387,3,0.97,4.81428571428571,18098.3333333333,13.1,45.8,49135,28.658
"WAYNE PA",2.169,3,0.6345,2,1.01,12.25,20270.5,13.1,51,49313,27.651
"WEAKLEY TN",2.39375,3,1.152,3,1.14,2.8,19901.5,11.5,51.5,35273,29.768
"WESTCHESTER NY",12.652,2.5,0.840985074626866,2.3,1.045,12.616,20900.4,11.6,61.0476190476191,81946,18.32
"WESTMORELAND PA",5.95642857142857,3,0.492944444444444,3.33333333333333,1.07666666666667,6.22307692307692,19643.5,11.7333333333333,49.8571428571429,50736,27.059
"WEXFORD MI",2.457,3,0.937666666666667,3,0.88,9.36666666666667,18863.5,11.4,51.2,40965,30.24
"WHITE AR",15.705,4,0.308125,3,0.98,12.66,18061.5,14.6,50,42487,30.968
"WHITE TN",1.26625,3,0,3,0.9,10.0333333333333,18164.5,12,52,34474,30.141
"WHITESIDE IL",15.0272727272727,3,0.718833333333333,4,0.96,7.95714285714286,20105.5,10.3,51.5,47667,26.406
"WHITFIELD GA",15.0381818181818,3,1.258875,4,0.94,10.55,17439.5,10.3,54,40471,28.902
"WICHITA TX",8.06714285714286,3.5,0.314111111111111,4,1.1,10.2555555555556,19863.5,12.9,52.5,45086,28.502
"WILL IL",12.6633333333333,3,0.692521739130435,2.66666666666667,1.04333333333333,10.7117647058824,20789.8333333333,9.96666666666667,100,76147,28.058
"WILLIAMS OH",2.294,4,0.2345,4,1.17,6.03333333333333,22291.5,12.4,54.5,43089,29.949
"WILLIAMSON IL",12.9140909090909,3,0.433,2.5,0.97,8.93636363636364,19983.75,11.95,41,43125,29.311
"WILLIAMSON TN",16.9172727272727,4,0.197571428571429,4,1,12.02,18296,13.8,54.5,89779,25.258
"WILLIAMSON TX",14.4440909090909,3.25,0.689555555555556,3.5,1.065,5.89545454545455,18956.2222222222,11.12,52,71803,25.94
"WILSON NC",12.67,3,0.902571428571429,4,0.96,9.13333333333333,18627,12.2,44,39204,33.243
"WILSON TN",16.1881818181818,2,0.327125,3,1.06,13.9166666666667,19216.5,12.6,48.5,60390,30.4
"WINDHAM CT",2.07052631578947,3,0.932142857142857,3,1.005,9.89090909090909,18748.25,12.35,50.2,59333,27.252
"WINNEBAGO IL",13.7424242424242,3,0.93695652173913,3.33333333333333,1.02,10.2764705882353,19486.3333333333,13.3,73,47072,28.206
"WINONA MN",2.55,3,0.284666666666667,3,0.87,4.45,18673.5,11.7,54,47468,27.604
"WISE TX",15.894,3,0.730571428571429,3,1.12,16.025,22330,11.5,100,56005,29.02
"WISE VA",1.37375,3,0.123,3,0.99,15.5,17984,12.9,50.5,36218,30.806
"WOOD WI",9.53142857142857,3.5,0.498363636363636,2.5,0.935,2.95714285714286,17875.6666666667,14.85,51,47685,28.582
"WOOD WV",17.5254545454545,3,0.578625,2,1.04,14.1166666666667,19454.5,12.9,53.5,42287,31.663
"WORCESTER MA",8.15680555555556,3.28571428571429,0.556756097560976,2.75,1.00125,6.55428571428571,19506.8571428571,11.975,53.1176470588235,65223,24.731
"WYTHE VA",2.121,3,0.102,3,0.95,11.82,18351.5,11.3,50.5,41275,27.611
"YAKIMA WA",12.8037037037037,2.75,0.603928571428571,2.25,0.896666666666667,8.84375,17620.5,13.375,54.5,43506,29.159
"YAMHILL OR",1.58277777777778,4,0.5461,3.5,0.855,7.84444444444444,17054.3333333333,12.1,52.4,54535,27.076
"YANKTON SD",2.01235294117647,4,0.476666666666667,4,0.925,4.8,18802.5,14.2,54,52578,28.423
"YAVAPAI AZ",9.2640625,3.33333333333333,0.805,3,0.953333333333333,10.2294117647059,19461.3333333333,12.4666666666667,49.8,42987,21.45
"YORK ME",15.2122727272727,3.5,0.81675,3.5,0.955,9.725,19431.25,12.7,45.3333333333333,57348,25.118
"YORK SC",15.3036363636364,3,0.403857142857143,1,1.04,9.96,19629,14.5,100,53740,28.049
