"","Location","Compl.Score","Quests.Stars","Infects.Score","Overall.Score","Spends.Score","Images.Score","Values.Payment","Deaths.Score","Timely.Score"
"1","ADAIR MO",12.76,4,0.4,4,0.93,12.125,19989,12.7,51
"2","ADAMS CO",11.210625,3.66666666666667,0.592714285714286,2.66666666666667,0.973333333333333,8.69333333333333,19578.6666666667,13.3333333333333,52.5
"3","ADAMS MS",2.332,2,0.46225,2,1.16,22.02,18428.5,15.9,51.5
"4","ADAMS NE",14.52,3,0.19525,3,1.01,9.42,20781,14.1,54.5
"5","ALAMANCE NC",15.8345454545455,3,0.980142857142857,3,0.91,10.3333333333333,19019.5,16.4,49.6666666666667
"6","ALAMEDA CA",11.0716949152542,2.66666666666667,0.8254125,2.5,1,5.6675,19626.7368421053,13.2777777777778,59.6666666666667
"7","ALBANY NY",11.6315625,2.33333333333333,0.843909090909091,2.33333333333333,0.96,6.52307692307692,19579.3333333333,13.8333333333333,46.6666666666667
"8","ALBEMARLE VA",17.5972727272727,4,0.625142857142857,3,0.93,8.98333333333333,17649.5,16.7,66.3333333333333
"9","ALCORN MS",17.85,4,0.498857142857143,2,0.96,10.45,18797,17.6,53
"10","ALEXANDRIA CITY VA",14.5436363636364,2,1.18614285714286,3,0.99,10.65,19580.5,13.3,54
"11","ALLEGANY NY",1.34285714285714,3,0.4565,3,0.89,4.93333333333333,18000,16,52
"12","ALLEGHANY VA",2.186,3,0.307666666666667,3,0.92,11.4166666666667,18503,15.1,52
"13","ALLEGHENY PA",11.4796178343949,2.86666666666667,0.821038461538461,3,1.05866666666667,9.59285714285714,20457.3214285714,13.9615384615385,53.875
"14","ALLEN IN",9.65178571428572,3.5,0.811148148148148,3.66666666666667,0.99,9.82,18213.1428571429,14.5333333333333,47.6666666666667
"15","ALLEN OH",10.7021428571429,3.66666666666667,0.445,4,0.97,9.52142857142857,20026.25,13.15,19
"16","ALPENA MI",14.0509090909091,3,0.795,4,1,12.5333333333333,19466.5,14.3,47.25
"17","AMADOR CA",15.8045454545455,3,0.487333333333333,2,0.92,10.92,20981.5,15.9,52
"18","ANDERSON TX",12.9436363636364,2,0.175333333333333,3,1.05,9.625,19740.5,14.1,48.5
"19","ANDROSCOGGIN ME",14.3022727272727,3,0.673333333333333,3.5,0.985,5.87272727272727,18070.25,14.35,49.3333333333333
"20","ANOKA MN",12.365,3.5,0.560733333333333,4.5,0.905,2.47142857142857,19296.25,13.25,49.2
"21","ARAPAHOE CO",13.55,3.33333333333333,0.798608695652174,3.66666666666667,1.02333333333333,6.84666666666667,19447.3333333333,14.0666666666667,52.5
"22","ARMSTRONG PA",2.175,3,0.36625,4,0.94,13.4,19573.5,14.1,45.5
"23","AROOSTOOK ME",6.59448275862069,4,0.728375,3.75,0.873333333333333,9.76470588235294,18121.5,13.475,51.5
"24","ASCENSION LA",2.684,4,0.5855,3,1.12,5.33333333333333,15802,14,53
"25","ASHLAND OH",1.13222222222222,4,0.305,4,0.92,8.02,19501,14.7,51
"26","ASHTABULA OH",1.87235294117647,3.66666666666667,0.252,4,0.885,4.72727272727273,18866,12.3,52.875
"27","ATLANTIC NJ",17.0113636363636,3,0.593866666666667,3.5,1.01,5.46666666666667,20472.75,13.8,60
"28","AUGLAIZE OH",1.35888888888889,4,0,4,1,7.16666666666667,19054,14.5,52
"29","AUTAUGA AL",1.26875,4,0.1954,4,0.94,16.525,19984.5,13.9,57.6666666666667
"30","BALDWIN AL",11.354,3.66666666666667,0.5745625,3,0.936666666666667,15.0142857142857,18096.6,14.35,49.5
"31","BARNSTABLE MA",14.0945454545455,3,0.749285714285714,3.5,1.01,10.43,19397.75,12.4,58.3333333333333
"32","BARTHOLOMEW IN",14.3654545454545,3,0.756375,4,0.97,9.55,20690,14.3,100
"33","BARTOW GA",13.7336363636364,3,0.834428571428571,4,0.96,4.16,19100,13.3,54
"34","BAXTER AR",15.1918181818182,3,0.891285714285714,3,0.97,12.05,20315.5,16,63
"35","BAY FL",13.8554545454545,2.5,0.566133333333333,3.5,1.065,9.28,20530,13.8,91
"36","BEAUFORT NC",2.12,4,0.316666666666667,3,0.9,12,13031,13.7,54
"37","BEAUFORT SC",15.2971428571429,3,0.786857142857143,3,0.96,8.50909090909091,18757,14.7,49.5
"38","BEAUREGARD LA",1.57,4,1.339,3,1.04,17.75,19524,13.6,55
"39","BEDFORD VA",1.40285714285714,3,1.5275,3,0.84,4.025,18524.5,13.9,53.5
"40","BELKNAP NH",15.0172727272727,3,0.3635,3,1.02,9.18333333333333,19799.5,14.3,58
"41","BELL KY",1.19466666666667,3.5,0.0371666666666667,3.5,0.86,9.64285714285714,15755.3333333333,16.9,52.75
"42","BELL TX",9.908125,4,0.441857142857143,3.66666666666667,0.973333333333333,11.75,19359.5,13.0666666666667,39.3333333333333
"43","BELMONT OH",1.16071428571429,3.5,0.4076,3.5,1.01,12.0857142857143,18709.6666666667,13.4,54.6666666666667
"44","BENNINGTON VT",2.152,4,0.17225,4,0.93,10.9333333333333,17808.5,15.2,54
"45","BENTON AR",7.63473684210526,3.33333333333333,0.332818181818182,3.33333333333333,0.975,9.21818181818182,18015.6666666667,13.4,51
"46","BERGEN NJ",11.3585245901639,3,0.645024390243902,3,1.09166666666667,10.375,21228.6,13.04,68
"47","BERKELEY WV",15.0545454545455,2,0.347285714285714,3,0.95,12.1666666666667,17967.5,16.4,68.6666666666667
"48","BERKSHIRE MA",16.6975,4,0.313,4,1.01,7.04545454545455,18559,14.9,48.8333333333333
"49","BERNALILLO NM",9.6175,2.8,0.866030303030303,2.8,0.948,7.86818181818182,17632.75,13.3,50.75
"50","BERRIEN MI",9.24888888888889,4.5,0.391571428571429,3.5,0.955,8.7375,18459,15.6,52.5
"51","BEXAR TX",11.6689423076923,3.45454545454545,0.755464285714286,3.5,1.00636363636364,5.05161290322581,20912.5,14.3714285714286,56.125
"52","BIBB GA",12.9956666666667,2.66666666666667,1.01245,3,1.00333333333333,3.37692307692308,18400.8,15.85,54.5
"53","BLACK HAWK IA",10.5,3,0.66725,2.66666666666667,0.976666666666667,7.89333333333333,19910.4,14.15,55
"54","BLAIR PA",10.0452380952381,3.66666666666667,0.551636363636364,3,1.055,9.45,18347.5,13.9,82.4
"55","BOONE AR",14.9827272727273,3,0.358,3,0.91,16.9,19156,15.3,47.3333333333333
"56","BOONE IN",2.412,4,0.794,4,0.97,15.5,18293.5,13.4,48.6666666666667
"57","BOONE KY",15.742,3,1.06375,3,1.04,8.51666666666667,20826.5,12.4,55
"58","BOULDER CO",12.0418604651163,3.5,0.81856,3.25,0.975,6.25,19978,14.4666666666667,44.5
"59","BOWIE TX",16.4377272727273,3.5,0.811,2.5,1.075,15.975,19701.25,13.85,62.3333333333333
"60","BOYD KY",14.4177272727273,4,0.586333333333333,3,0.955,12.0416666666667,18981.75,14.2,58
"61","BOYLE KY",13.0472727272727,3,1.298,2,0.96,11.6666666666667,20373,13.4,52
"62","BRADFORD PA",9.84529411764706,3.66666666666667,0.757818181818182,2.66666666666667,0.905,9.27333333333333,17126.5,11.6,59.6
"63","BRADLEY TN",18.5163636363636,2,0.745,2,1.02,9.75,18383,14.3,50
"64","BRANCH MI",2.137,4,0.34525,4,0.93,14.8,17744,15.9,52.3333333333333
"65","BRAZORIA TX",1.80071428571429,3,0.377333333333333,3,1.085,9.51428571428571,17259.5,12.8,50
"66","BRAZOS TX",10.2189473684211,4.25,0.809058823529412,3,0.955,12.3764705882353,19871.3333333333,14.6666666666667,51.5
"67","BREVARD FL",13.3426315789474,3.14285714285714,0.517382978723404,3.28571428571429,1.01571428571429,7.16111111111111,20582.8571428571,15.1428571428571,63.875
"68","BRISTOL MA",14.9429545454545,3,0.585466666666667,3,1.03,9.5375,20058.25,13.225,51.6666666666667
"69","BRONX NY",9.8987037037037,1.66666666666667,0.799790697674419,1.5,0.98,7.14761904761905,18490.0909090909,13.68,73.6666666666667
"70","BROOKINGS SD",1.3825,4,0,4,0.91,6.375,16871.5,13.9,49
"71","BROOME NY",15.4004545454545,2.5,0.738928571428571,1.5,0.915,10.71,16489.25,15.1,56.5
"72","BROOMFIELD CO",14.0018181818182,3,1.03016666666667,4,0.92,3.275,20435.5,14.1,45
"73","BROWARD FL",9.88748299319728,2.71428571428571,0.622457943925234,2.57142857142857,1.04785714285714,8.34642857142857,21141.8214285714,13.6214285714286,55
"74","BRUNSWICK NC",13.6,3,0.3554,3,0.92,7.8,17243.3333333333,13.8,50.4
"75","BRYAN OK",14.375,2,0.54275,3,1,11.25,17851,13.9,55.5
"76","BUCHANAN MO",12.0681818181818,3,0.654285714285714,5,0.95,10.2333333333333,18580.5,11.2,100
"77","BUCKS PA",10.3898305084746,3.5,0.751551724137931,3.8,0.95,8.43703703703704,19569.6,12.94,49
"78","BUREAU IL",2.192,3.5,0.5635,3.5,1,10.7375,17774.3333333333,14.4,51.75
"79","BURKE NC",12.5627272727273,3,0.606857142857143,3,0.95,9.21666666666667,18421,13.8,49.3333333333333
"80","BURLINGTON NJ",15.6096774193548,3,0.69765,3,1.03333333333333,3.87857142857143,20976.3333333333,14.5,54
"81","BUTLER KS",9.1725,3.5,0.279166666666667,3.5,0.965,10.3777777777778,18702.3333333333,12.5,51.5
"82","BUTLER MO",9.8525,3,0.534285714285714,2.5,0.97,13,20761.5,15,47
"83","BUTLER OH",11.6304761904762,4,0.6786,3.75,1.005,9.60454545454546,19417.8571428571,12.9,52
"84","BUTLER PA",12.8218181818182,3,0.694,4,1.03,11.55,19704,13.9,54
"85","BUTTE CA",13.1909090909091,2.66666666666667,0.451,2.75,0.886666666666667,8.71578947368421,18357.5714285714,13.3333333333333,54.75
"86","CABARRUS NC",13.1981818181818,3,0.779,3,0.99,9.18333333333333,18306.5,15.1,53.5
"87","CABELL WV",16.3286363636364,3,1.36573333333333,2.5,0.985,9.65,18282.5,13.85,50.25
"88","CACHE UT",2.35666666666667,4,0.606714285714286,4,0.985,9.4,17666.5,13,55.75
"89","CADDO LA",13.96725,3.2,0.713416666666667,3.4,1.0425,9.92352941176471,17752.5714285714,14.5,54.5
"90","CALCASIEU LA",12.0337209302326,3.5,1.16817391304348,3,1.005,9.95294117647059,17823,13.9333333333333,63.3333333333333
"91","CALDWELL NC",14.411,3,0.579666666666667,2,1.05,13.96,18888.5,15.1,53
"92","CALHOUN AL",8.112,3,0.4897,2.66666666666667,1.03666666666667,13.9133333333333,19110,14.35,60.8
"93","CALHOUN MI",13.8463636363636,3.5,0.942818181818182,4,0.94,5.81,17527.3333333333,14.65,47.6
"94","CALLOWAY KY",2.348,4,1.0996,3,0.98,10.2333333333333,16721.5,14.9,53.5
"95","CAMBRIA PA",10.03375,3,0.545375,2,0.92,7.96666666666667,18328,13.8,52
"96","CAMDEN MO",15.0645454545455,3,0.772833333333333,3,0.9,2.225,19582.5,17.5,70
"97","CAMDEN NJ",15.0675,2.5,0.794258064516129,3.25,1.0325,8.46818181818182,20791.125,14.35,56.1428571428571
"98","CAMPBELL KY",14.332,3,1.328875,4,0.99,3.75,18383,15.1,54
"99","CANYON ID",2.0825,3,0.588,4,0.925,4.3,17934.75,13.7,55
"100","CAPE MAY NJ",14.8281818181818,3,1.223,3,1,9.1,21517.5,13.3,51.25
"101","CARBON PA",1.49444444444444,2,0.13275,2.5,1.02,10.8111111111111,18993,13.85,57
"102","CARROLL GA",8.33055555555556,3.5,0.461833333333333,3,0.965,7.18,19805,15.15,53.5
"103","CARSON CITY NV",8.53666666666667,3.5,0.6997,3.5,0.925,10.8454545454545,16545,13.4,52.5
"104","CARTER OK",17.7681818181818,3,0.625,3,1,12.75,19820.5,15.7,44
"105","CARTER TN",1.67555555555556,4,0.4305,4,1.04,12.76,19077.5,14.6,50
"106","CARTERET NC",14.5563636363636,4,0.701,3,0.92,11.4333333333333,18811,15.1,45.25
"107","CARVER MN",2.208,4,0.7172,4,0.95,2.675,18161,13.5,52.5
"108","CATAWBA NC",17.1933333333333,3.5,0.482285714285714,3,0.98,8.70833333333333,18626.5,16.55,68
"109","CATOOSA GA",1.39625,3,0.548333333333333,3,0.95,7.36666666666667,17928.5,15,57
"110","CATTARAUGUS NY",15.3881818181818,2,0.883571428571429,2,0.99,5.9,19137,14.2,53
"111","CAYUGA NY",2.31,2,0.942166666666667,2,0.92,7.55,17440,13.1,81
"112","CENTRE PA",12.7527272727273,4,0.668428571428571,3,0.98,5.28,18469.5,13.9,54.5
"113","CHARLESTON SC",12.5026229508197,3.83333333333333,0.706128205128205,3.66666666666667,0.993333333333333,10.0757575757576,18797.3333333333,13.9333333333333,51.6363636363636
"114","CHARLOTTE FL",12.0872727272727,1.33333333333333,0.750315789473684,2.33333333333333,1.04333333333333,6.54545454545454,20343.5,13.1666666666667,51.5
"115","CHATHAM GA",16.6633333333333,2.66666666666667,0.873913043478261,2.33333333333333,1,15.9941176470588,17402.2,15.65,65.6666666666667
"116","CHAUTAUQUA NY",1.72961538461538,2.66666666666667,0.365333333333333,2.66666666666667,0.976666666666667,9.85294117647059,17064,13.5,53
"117","CHAVES NM",8.93571428571429,2.5,0.282,2.5,0.95,13.2875,18635.5,13.5,67.6666666666667
"118","CHELAN WA",10.7826315789474,4,0.61175,3.5,0.86,8.53636363636364,17174.5,13.8,53.5
"119","CHENANGO NY",2.34,3,0.708,3,0.93,7.575,16037,13.6,52
"120","CHEROKEE GA",14.5036363636364,3,0.70575,3,1.01,5.88,19175.5,15.2,50
"121","CHEROKEE OK",7.82368421052632,3,0.485375,3,0.935,15.65,15914.3333333333,13.9,42
"122","CHEROKEE SC",2.35375,2,1.227,2,0.98,4.72,15145,14.6,49
"123","CHESHIRE NH",2.214,3,0.5694,4,0.97,8.33333333333333,18509.5,15,51
"124","CHESTER PA",12.4583333333333,3.4,0.753352941176471,3.8,1.038,9.27777777777778,20427.3,13.64,57.5
"125","CHESTERFIELD VA",14.7177272727273,3,0.6441875,2,0.995,10.4666666666667,20219.25,15.55,49
"126","CHIPPEWA MI",2.458,4,0.433333333333333,4,0.9,15.16,17693,14.1,55
"127","CHRISTIAN KY",15.3463636363636,3,0.950666666666667,2,0.99,9.96,18428,14.3,61.3333333333333
"128","CITRUS FL",13.5440909090909,2,0.770538461538462,2,1.055,5.88888888888889,19909,14.5,52
"129","CLACKAMAS OR",2.13214285714286,3.66666666666667,0.712,3,0.863333333333333,4.3,16757.6666666667,13.55,56.3333333333333
"130","CLALLAM WA",17.6245454545455,3,0.4825,3,0.93,9.55,18494.5,15.1,48.75
"131","CLARION PA",1.71888888888889,3,0.90775,2,1.03,14.6,19538.5,14.5,71.6666666666667
"132","CLARK KY",2.191,3,0,4,0.94,16.32,18553.5,12.8,50.5
"133","CLARK NV",14.5245774647887,2.07142857142857,0.714276595744681,1.93333333333333,1.10923076923077,4.8375,21595.0357142857,15.3307692307692,51.3076923076923
"134","CLARK WA",12.1163636363636,3,0.6118125,3,0.895,11.1166666666667,18100.75,16.2,50.8
"135","CLAY FL",13.6663636363636,2.5,0.368066666666667,3,1.015,8.64,20078,15.4,36.6666666666667
"136","CLAY KY",1.16857142857143,3,0.3455,3,0.89,19.35,19132,13.9,55.5
"137","CLAY MO",12.2236363636364,3,0.6215,3.5,0.995,12.7916666666667,19135.75,13.8,100
"138","CLAYTON GA",17.4109090909091,2,0.870166666666667,2,1,5.64,18462,15.4,91
"139","CLEARFIELD PA",8.54333333333333,2.5,0.493,3,1.02,12.88,19498.5,12.85,56.5
"140","CLERMONT OH",14.18,4,0.562571428571429,4,0.96,11.1833333333333,19282,14.9,54
"141","CLEVELAND NC",8.68052631578947,4,0.588818181818182,4,0.94,10.6636363636364,18389.6666666667,15.6,50
"142","CLINTON IA",13.6454545454545,3,0.5156,3,1,4.14285714285714,19996.5,14.1,53.75
"143","CLINTON MO",2.407,3,0,3,0.97,7.1,17900,14.4,50
"144","CLINTON NY",14.085,3,0.473142857142857,3,0.93,10.9333333333333,17558,13.6,81
"145","CLINTON PA",1.39166666666667,3,0.5395,3,0.96,5.8,20112.5,13.4,58.5
"146","COAHOMA MS",2.08333333333333,3,0.487,2,0.98,8.375,18060.5,14.1,54
"147","COBB GA",14.4640909090909,3,0.686875,2.5,0.99,8.9,19758.5,13.45,52
"148","COCHISE AZ",16.195,2,0.341571428571429,1,0.96,15.1833333333333,18876.5,14.9,54
"149","COCONINO AZ",7.24809523809524,3.66666666666667,0.7116,3.5,0.85,7.81428571428571,17563.6666666667,13.9,49.5
"150","CODINGTON SD",13.7918181818182,3,0.319,3,0.88,17.525,18702,14.8,100
"151","COFFEE GA",14.5654545454545,3,0.308571428571429,3,0.9,13.42,20583,14.2,52.5
"152","COFFEE TN",10.36875,3,1.006,3.33333333333333,1.05,12.5833333333333,16728.5,13.5,50.25
"153","COLBERT AL",8.40157894736842,3,0.55175,2.5,1.065,18.0111111111111,17904,15.6,50.4
"154","COLES IL",16.6054545454545,4,1.19842857142857,3,0.94,11.1833333333333,18095,14.8,54.3333333333333
"155","COLLIER FL",12.1559090909091,2,0.5838,2.5,0.98,7.66,20035.25,13.85,54.5
"156","COLLIN TX",11.1878301886792,3.81818181818182,0.592905660377358,3.63636363636364,1.09090909090909,8.54736842105263,20776.1428571429,13.7,53
"157","COLUMBIA FL",1.98,3,0.402571428571429,3,1.05,4.21428571428571,18780.25,13.05,50.75
"158","COLUMBIA NY",2.56,2,0.9095,1,1.02,10.4833333333333,17459,15.7,55
"159","COLUMBIA PA",2.00555555555556,3,1.19825,3,0.98,6.21666666666667,17068,15.1,51
"160","COLUMBIANA OH",8.725,2.5,0.369363636363636,3,1.04,5.15,20119.25,13.95,59
"161","COLUMBUS NC",16.322,3,0.427571428571429,2,0.94,11.4,18508.5,16.5,53
"162","CONTRA COSTA CA",7.92246153846154,2.85714285714286,1.05736734693878,2.85714285714286,0.902857142857143,3.60869565217391,19641.6666666667,14.75,55
"163","COOK IL",12.8273773987207,2.54545454545455,0.704252396166134,2.67391304347826,1.02782608695652,8.97747747747748,19644.5697674419,13.519512195122,59.8636363636364
"164","COOS OR",13.5916666666667,3.5,0.4118,2,0.9,8.35,17066.5,14.8,54.25
"165","CORTLAND NY",1.185,2,0.776,3,0.88,4.14,17958,13.5,55
"166","COWETA GA",8.28277777777778,4.5,1.0634,3.5,1.03,3.34285714285714,18910,14.2,51
"167","COWLITZ WA",15.5327272727273,3,0.935285714285714,3,0.86,9.53333333333333,18180.5,13,43.8
"168","CRAIGHEAD AR",13.7754545454545,3.5,0.862714285714286,2,1.005,15.4,20109,13.8,96.5
"169","CRAWFORD KS",13.9508333333333,3,0.4425,3,0.97,14.5444444444444,18082,14.4,53.5
"170","CRAWFORD MI",2.233,4,0.5325,4,0.89,10.8166666666667,18675.5,13,54
"171","CRAWFORD PA",13.7390909090909,4,0.549625,2,0.95,8.61666666666667,20181.5,14.9,52.5
"172","CRISP GA",1.40875,3,1.2278,3,0.84,12.14,18008,14.2,53.5
"173","CROW WING MN",2.57272727272727,4,1.3905,3,0.86,6.86666666666667,16759.6666666667,11.7,52.6
"174","CULLMAN AL",13.3309090909091,3,0.524,3,0.97,12.2333333333333,18407.5,15.7,53
"175","CULPEPER VA",2.311,3,0.064,3,0.93,8.41666666666667,19010.5,15,54.5
"176","CUMBERLAND ME",9.94032258064516,3.5,0.707,3.25,0.956666666666667,7.24545454545455,18398.7142857143,14.3666666666667,40
"177","CUMBERLAND NC",19.6690909090909,3,0.665375,3,0.95,9.26666666666667,17948,12.6,36
"178","CUMBERLAND NJ",14.3281818181818,3,0.57075,2,1.05,10.6833333333333,21256.5,14.5,64
"179","CUMBERLAND PA",14.2986363636364,3,0.504461538461538,3.5,1.05,9.7,20853,15.7,52.5
"180","CUMBERLAND TN",8.30571428571428,3,0.666,3,0.94,13.4916666666667,18159.75,14.75,54.1666666666667
"181","CURRY NM",2.485,3,0.707,3,0.92,5.2,17832,13.8,48
"182","CUYAHOGA OH",11.9022222222222,3.2,0.709037037037037,3.66666666666667,1.002,8.50657894736842,19752.0344827586,13.1071428571429,51.875
"183","DAKOTA MN",6.37814814814815,4,0.656666666666667,3,0.856666666666667,6.37692307692308,17048.25,15,50.5714285714286
"184","DALLAS AL",14.274,2,0.563,3,0.95,9.58333333333333,18879,15.3,47.5
"185","DALLAS TX",11.0943426294821,3.2,0.546074626865672,3.45833333333333,1.08703703703704,7.95802469135803,19987.9714285714,14.6235294117647,56.875
"186","DANE WI",12.0467647058824,4.25,0.6446,4.5,0.943333333333333,4.86666666666667,18246.4285714286,12.2666666666667,54
"187","DANVILLE CITY VA",15.5663636363636,2,0.382571428571429,1,1.03,2.22,19449,15,47
"188","DARKE OH",2.542,3,0.913333333333333,3,1.04,3.8,16984,13.6,53
"189","DARLINGTON SC",10.234375,3,0.403714285714286,2.5,1.01,6.65,18840.5,13.8,49.5
"190","DAVIDSON NC",2.16894736842105,3.5,0.48825,2.5,0.94,3.7,17555.6666666667,14.6,53.8
"191","DAVIDSON TN",12.8558426966292,3,0.824262295081967,3,0.988888888888889,6.46216216216216,19739.8571428571,14.9285714285714,50.8
"192","DAVIESS IN",1.23875,3,0.383,3,1.19,6,19508.5,15.7,45
"193","DAVIS UT",16.48,3.5,0.281333333333333,3,1.05,13.48,19437.25,13.7,100
"194","DAVISON SD",2.276,4,0.724,4,0.95,11,18159,15.4,53
"195","DE KALB AL",2.502,3,0.075,3,1,6.05,19859.5,16.8,50
"196","DE SOTO FL",1.10428571428571,3,0.217,3,1.01,6.8,19436,13.4,50
"197","DEARBORN IN",13.8363636363636,3,0.612333333333333,3,0.98,15.4166666666667,18688,16.3,54.3333333333333
"198","DEKALB GA",10.01,2.33333333333333,0.882695652173913,2.66666666666667,0.976666666666667,10.2222222222222,18890.1666666667,14.3333333333333,58
"199","DEKALB IL",14.1054545454545,3.5,0.580714285714286,4,1.05,5.6375,18175.6666666667,13.6,69.6666666666667
"200","DEL NORTE CA",1.31875,3,1.02833333333333,3,0.84,13.625,17254.5,12.6,53
"201","DELAWARE OK",1.36888888888889,4,0.1,3,0.99,13.5,20010.5,13.8,50.5
"202","DELAWARE PA",13.8105555555556,2.6,0.485666666666667,3,1.052,9.45,20433.1,13.18,55
"203","DELTA CO",2.255,3,1.719,3,0.92,14.72,17818,15.2,53
"204","DENTON TX",10.8261842105263,3.85714285714286,0.68275,3.33333333333333,1.09,6.34166666666667,21463.1,13.68,53
"205","DES MOINES IA",15.2327272727273,3,0.528428571428571,2,0.88,11.0833333333333,18141,14.4,54
"206","DESCHUTES OR",9.0647619047619,3.5,0.727,3.5,0.91,1.68,17629.3333333333,15.1,49
"207","DESOTO MS",9.85611111111111,3,0.738083333333333,3,0.98,10.7909090909091,18446.6666666667,14.3,56.3333333333333
"208","DICKINSON MI",14.1345454545455,3,0,4,0.94,10.35,18090,13.8,55.5
"209","DICKSON TN",2.4,3,0.6465,3,1,3.525,20753.5,13.6,46
"210","DILLON SC",1.07714285714286,4,0.809,4,0.87,4.03333333333333,18286.5,15.3,52
"211","DISTRICT OF COLUMBIA DC",14.8283561643836,2,0.801,1.42857142857143,0.98,11.8378378378378,19312.2857142857,13.9,57.3333333333333
"212","DODGE NE",14.3518181818182,3,0.790666666666667,2,1.03,12.65,19473.5,15.6,48
"213","DOUGLAS CO",10.8177419354839,3.33333333333333,0.568526315789474,3.33333333333333,0.98,7.11538461538462,18994.75,13.85,51
"214","DOUGLAS GA",12.8536363636364,3,0.639,3,0.94,10.9166666666667,19076.5,13.6,51.5
"215","DOUGLAS KS",13.7572727272727,4,0.2365,3,0.91,9.56666666666667,19319.5,13.5,50
"216","DOUGLAS NE",11.4984705882353,3.77777777777778,0.657695652173913,3.5,0.984444444444444,8.18125,19936.0833333333,13.4833333333333,54.2857142857143
"217","DOUGLAS OR",14.1863636363636,2,0.517,3,0.86,9.34444444444444,17180.3333333333,13.7,97
"218","DUBOIS IN",11.2636363636364,4,1.07333333333333,5,0.93,9.51666666666667,18322.5,12.5,54
"219","DUNKLIN MO",1.30625,3,0.9265,2,1.01,7.5,17927,14.9,47
"220","DUPAGE IL",11.72828125,3.66666666666667,0.6038,3.5,1.06166666666667,9.43235294117647,20961.5,13.35,96
"221","DUPLIN NC",1.52625,3,0.368,2,0.89,3.6,17975.5,16,52
"222","DURHAM NC",11.3383870967742,3.66666666666667,0.596666666666667,4,0.92,10.0916666666667,18091,14.45,54.5
"223","DUTCHESS NY",7.93,3,0.9395,2.5,0.965,7.32222222222222,19290.5,13.2,56.5
"224","DUVAL FL",14.2498701298701,2.85714285714286,1.06977777777778,3,1.01142857142857,10.3,20185.5714285714,14.3714285714286,53.125
"225","DYER TN",1.50375,2,0.2245,2,1.02,4.08,19990.5,14.7,50.5
"226","EAST BATON ROUGE LA",11.5421666666667,3.66666666666667,0.615727272727273,2.6,1.02833333333333,12.2791666666667,19178.75,15.45,50.6666666666667
"227","EDDY NM",1.85722222222222,3,0.5256,3,0.875,5.675,13540,13.5,50.3333333333333
"228","EDGECOMBE NC",14.8090909090909,4,0.638333333333333,3,0.93,6.16666666666667,18577,13.8,53
"229","EFFINGHAM IL",16.8454545454545,4,1.00275,4,0.96,9.78333333333333,17584.5,15.5,53.5
"230","EL DORADO CA",14.8331818181818,4,0.4993,3.5,0.87,13.3181818181818,16578.3333333333,13.2,53.5
"231","ELKHART IN",14.08,4,0.673538461538462,3.5,0.955,10.1166666666667,19620.75,14.95,49
"232","ELKO NV",1.34444444444444,1,0.2535,2,0.9,12.7,18995,14.5,50.75
"233","ELLIS TX",1.89117647058824,3.5,0.531125,3,1.055,8.9375,18693,13.1,51.75
"234","EMPORIA CITY VA",1.44,3,0.6265,2,0.97,5.95,18099,13.3,52.5
"235","ERATH TX",2.367,4,0.205,4,1.02,5.625,18567.5,13.3,51.5
"236","ERIE NY",15.3461666666667,2.5,0.875282051282051,2.33333333333333,0.991666666666667,4.92222222222222,18312,14.88,60.7692307692308
"237","ERIE PA",10.8677419354839,2.66666666666667,0.866476190476191,3,1.04333333333333,10.5235294117647,19297,14.85,81
"238","ESCAMBIA AL",1.31066666666667,3.5,0.47725,3,0.96,16.4,16927,15.7,52.25
"239","ESSEX MA",9.34603773584906,2.8,0.641088235294118,3.2,1.038,7.625,20569.4,13.6,52.5454545454545
"240","ESSEX NJ",14.1367123287671,2.42857142857143,0.77616,1.85714285714286,1.08142857142857,7.00645161290323,21495.5714285714,12.9714285714286,54.5
"241","ESSEX VA",2.222,4,1.0645,4,0.89,3.74,18539.5,12.9,53.5
"242","EVANGELINE LA",8.2378947368421,4,0.627333333333333,3.5,1.155,18.8666666666667,19493,13.4,50.25
"243","FAIRFAX VA",14.5852272727273,3,0.792892857142857,3.25,0.955,8.49047619047619,19949.375,13.875,49.5
"244","FAIRFIELD CT",15.4540909090909,3,0.780266666666667,2.33333333333333,1.02333333333333,13.3382352941176,20115.5833333333,13.6666666666667,49
"245","FAIRFIELD OH",13.3566666666667,3,0.811285714285714,2,1,7.2,20719.5,14.4,50.75
"246","FAULKNER AR",16.7472727272727,3,0.63675,3,0.99,13.74,18080,12.8,100
"247","FAUQUIER VA",15.0709090909091,3,0.0872,2,1.02,10.7833333333333,19141.5,15,51.4
"248","FAYETTE GA",11.7445454545455,3,0.5565,2,0.95,10.2333333333333,19488.5,12.9,53
"249","FAYETTE IN",1.2575,4,0.435,4,0.89,7.175,18297,14.6,44.3333333333333
"250","FAYETTE KY",14.2327272727273,2.5,0.573833333333333,2.75,1.005,9.26956521739131,20354.5,15.125,51.5
"251","FAYETTE PA",1.65722222222222,3,0.3195,3.5,0.965,13.1545454545455,16904.3333333333,17.4,54.5
"252","FAYETTE TX",2.308,4,0,4,1.04,14.26,17176,14.5,51.5
"253","FLATHEAD MT",8.1295,3.33333333333333,0.648,4,0.94,9.36923076923077,18547,13.6,52.5
"254","FLORENCE SC",12.4178571428571,3,0.731625,2.66666666666667,0.97,10.49375,16818,13.1,48.5
"255","FLOYD KY",2.347,3.5,0.8382,3,0.95,10.0416666666667,18744.6666666667,14.1,50.8
"256","FORD KS",2.564,2,0.5575,3,0.89,3.8,18668,14.4,50
"257","FORREST MS",18.0118181818182,3,0.572538461538462,2.5,1,12.1545454545455,20594,13.9,57.5
"258","FORSYTH GA",15.6518181818182,4,0.576875,3,0.95,11.6166666666667,19005,14.8,47
"259","FORSYTH NC",10.8758064516129,3.33333333333333,0.7551,3.66666666666667,0.95,11.1833333333333,18372.75,13.9,50
"260","FORT BEND TX",7.7742,3.2,0.662357142857143,3.5,1.064,12.865,20532.25,13.675,53.4285714285714
"261","FRANKLIN AL",2.522,4,0.202666666666667,3,1.03,19.1166666666667,18871.5,15.3,52
"262","FRANKLIN CITY VA",2.314,3,0.87,3,0.85,6.575,17461.5,14.6,53
"263","FRANKLIN KY",2.35,3,0.399833333333333,3,0.97,3.075,20268,14.4,50.5
"264","FRANKLIN MA",2.478,3,0.627,3,0.9,4.5,18867,14.4,51
"265","FRANKLIN ME",2.218,4,0.115,3,0.95,10.84,17662.5,14.9,57.5
"266","FRANKLIN MO",14.0009090909091,3,0.880166666666667,4,0.92,10.6727272727273,19318.6666666667,14.4,52.75
"267","FRANKLIN NY",2.539,3.5,0.4425,3.5,0.825,9.72222222222222,18124.5,14.25,53.5
"268","FRANKLIN OH",13.39,3.25,0.671203703703704,3,0.98625,8.95641025641026,19117.8461538462,14.9333333333333,54.1666666666667
"269","FRANKLIN PA",8.61894736842105,3.5,0.854333333333333,3.5,0.89,7.02727272727273,18960.5,13.4,53.5
"270","FRANKLIN TN",13.3027272727273,3,0.2084,2,0.94,10.05,20066,14.9,51.75
"271","FRANKLIN VT",2.582,4,1.8385,2,0.98,7.41666666666667,18202.5,15.3,43
"272","FREDERICKSBURG CITY VA",13.0863636363636,2,0.617857142857143,2,1,1.65,20570,14,56.5
"273","FREEBORN MN",2.398,3,1.02125,4,0.86,9.46666666666667,17901.5,15.9,54.5
"274","FREMONT WY",2.793,2,0.344,3,0.88,7.1,18478.5,14.1,46.25
"275","FRESNO CA",10.8582089552239,3,0.85795,2.71428571428571,0.91875,5.47,19525.7142857143,13.9666666666667,55
"276","FULTON GA",14.8935135135135,2.85714285714286,0.948653846153846,2.42857142857143,0.978571428571429,8.32051282051282,18843.0714285714,14,54
"277","FULTON NY",1.4975,4,0.222,3,0.95,6.4,18061.5,14.5,54
"278","GALAX CITY VA",2.265,3,0.193666666666667,2,0.97,11.42,18242,15.6,51
"279","GALLIA OH",14.525,3,1.0638,2,1.07,9.66666666666667,21436.5,16,56.3333333333333
"280","GARFIELD OK",13.9995454545455,3.5,0.504916666666667,4,0.955,15.2363636363636,19044.25,14.05,53.5
"281","GARLAND AR",15.9763636363636,3,1.08328571428571,2,1.005,15.99,18729,14.85,57
"282","GASTON NC",13.0854545454545,3,0.536375,4,0.95,9.6,19137.5,13.3,52.5
"283","GENESEE NY",2.19,3,0.742,3,0.94,6.86666666666667,18406,14.5,58
"284","GEORGETOWN SC",14.6304545454545,3.5,0.820636363636364,3,0.945,16.475,19761,13.55,49.8
"285","GILA AZ",2.1,2.5,0.6295,3,0.93,9.35555555555556,18411,12.7,52.75
"286","GILES TN",1.31285714285714,3,0.285,4,1,2.775,19777,13.7,51
"287","GLOUCESTER NJ",15.8209090909091,3,0.421428571428571,3,1.03,5.12,19536,14.4,44.5
"288","GLOUCESTER VA",1.42666666666667,4,0.0975,4,0.87,8.28333333333333,18435.5,14.2,52.5
"289","GLYNN GA",15.2627272727273,4,0.688,2,0.95,11.9666666666667,18597,14.9,75
"290","GORDON GA",2.063,4,0.661857142857143,5,0.92,13.0166666666667,18549.5,13.4,52.5
"291","GRAFTON NH",12.89,3.5,0.706272727272727,3.4,1.02,6.89090909090909,17402.75,11.6,54
"292","GRAND FORKS ND",14.6090909090909,3,0.339857142857143,3,0.97,10.3,19774,16.4,100
"293","GRANT IN",14.3627272727273,3,1.0552,4,1.05,11.06,20341.5,12.9,44
"294","GRANT WA",2.499,3,0.522666666666667,3,0.89,9.66,17358.5,15.1,46.5
"295","GRANVILLE NC",15.015,4,0.5312,3,0.92,5.175,18097.5,15,56.5
"296","GRATIOT MI",2.425,3,0.176,3,0.99,12.5666666666667,18701,14.8,48.3333333333333
"297","GRAVES KY",1.15125,3,0.398,3,1.05,8.15,19682,14.8,43.6666666666667
"298","GRAY TX",2.321,3,0.335,3,0.98,9.85,18498.5,13.4,54.5
"299","GRAYS HARBOR WA",2.46,3,0.3825,2.5,0.93,3.075,17950,14,51.6666666666667
"300","GRAYSON TX",11.3572413793103,3.66666666666667,0.642533333333333,2.5,1.03666666666667,16.9769230769231,20396.25,13.35,83
"301","GREENBRIER WV",2.152,3,0.607714285714286,3,0.95,10.5833333333333,17769.5,16.3,53.75
"302","GREENE AR",1.43222222222222,3,0.5135,2,1.01,20.55,19413,16.7,45
"303","GREENE MO",12.2665517241379,3,0.5630625,3,0.96,12.54375,18536.25,13.7,8.5
"304","GREENE OH",2.07,4,0.518909090909091,3.5,1.02,4.03333333333333,19383.3333333333,13.3,54.6666666666667
"305","GREENE TN",9.1745,3,0.179,3,0.955,12.4444444444444,17126.3333333333,13.5,53.2
"306","GREENVILLE SC",7.209,4,0.642346153846154,4.33333333333333,0.951666666666667,8.92333333333333,18659.8571428571,12.5,52.2857142857143
"307","GREENWOOD SC",17.7109090909091,4,0.824625,3,1.04,12.3833333333333,18915.5,15.5,100
"308","GREGG TX",11.2896153846154,3,0.9232,3.5,1.015,13.1166666666667,18869.75,13.2,48
"309","GRENADA MS",2.5,2,0.164833333333333,2,1,12.2,18688,14,54
"310","GUADALUPE TX",1.42777777777778,4,0.4262,3,1.15,10.8,20669,15.4,50
"311","GUERNSEY OH",15.4372727272727,4,0.400166666666667,3,0.94,7.14,19708.5,14.3,56.6666666666667
"312","GUILFORD NC",14.4881818181818,3,0.4978125,4,0.975,8.425,17934.75,13.2,69.3333333333333
"313","HALIFAX NC",2.268,3,0.4515,3,0.96,9.15,18983,13.3,50
"314","HALIFAX VA",14.8918181818182,3,0.774,3,0.91,11.0166666666667,17333.5,14.8,53.5
"315","HALL NE",16.0563636363636,3,0.491142857142857,3,0.99,5.43333333333333,19819,13.3,50.5
"316","HAMBLEN TN",8.72380952380952,2.5,0.252222222222222,1.5,1.055,9.825,17920.25,14.65,49
"317","HAMILTON IN",9.17351851851852,4.16666666666667,0.760652173913043,4,1.01666666666667,10.4545454545455,18887.1428571429,13.7666666666667,56.1428571428571
"318","HAMILTON OH",12.1113253012048,3.125,0.729018181818182,3.57142857142857,0.9875,10.5142857142857,20439.7142857143,13.7142857142857,53.1666666666667
"319","HAMILTON TN",14.269696969697,3,0.810260869565217,2.66666666666667,0.993333333333333,10.1176470588235,19881,15.4333333333333,48.25
"320","HAMPDEN MA",10.8424489795918,3,1.20304166666667,3.2,1.034,6.03076923076923,18954.5555555556,13.4,54.5384615384615
"321","HAMPSHIRE MA",9.18,3,0.709285714285714,3.5,1.02,7.4,18080.6666666667,13.8,52.5
"322","HAMPTON CITY VA",15.2027272727273,4,0.841,3,0.95,12.0166666666667,18848,16.5,68.6666666666667
"323","HANCOCK IN",2.384,4,0.897,3,1.01,13.52,18847,13.4,50
"324","HANCOCK ME",1.75090909090909,4.5,1.262,3.66666666666667,0.92,7.95,17331.5,13.2,53.6666666666667
"325","HANCOCK MS",1.14142857142857,2,0,2,0.97,6.14,19029,14.6,56
"326","HANCOCK WV",13.6754545454545,2,0.982142857142857,3,1.06,14.0833333333333,22475,14.6,50.5
"327","HARDIN KY",12.25,3,0.566625,4,0.96,10.7666666666667,18179,14.7,53.5
"328","HARDIN TN",2.40625,4,0.3285,3,0.97,11.12,18060,13.9,50
"329","HARLAN KY",1.19625,3,0.14475,2,0.89,22.58,18427.5,16.3,50.5
"330","HARNETT NC",2.142,3,0.371,3,0.92,7.34,19510,14.6,54.5
"331","HARRIS TX",10.7602769230769,2.93548387096774,0.651768844221105,3.20689655172414,1.07484848484848,12.1611111111111,21185.1538461538,14.188,52.0769230769231
"332","HARRISON KY",1.25,4,1.26,4,1.01,4.7,20145,14.3,49
"333","HARRISON MS",16.8381818181818,2.66666666666667,0.39447619047619,2.33333333333333,1.02,17.5375,19254.8,15,51.6666666666667
"334","HARRISON TX",2.294,3,0.28775,3,1.04,5,17865.5,13.5,76.3333333333333
"335","HARRISON WV",14.2381818181818,3,0.711571428571429,4,0.96,11.9333333333333,18708.5,14.7,69
"336","HARRISONBURG CITY VA",12.7136363636364,3,0.599571428571429,3,0.94,10.2333333333333,20195.5,14.4,94
"337","HARTFORD CT",14.1964788732394,3,0.72,2.5,1.02428571428571,7.30909090909091,20432.5,13.75,53.5714285714286
"338","HARVEY KS",15.3227272727273,4,0.940333333333333,4,0.92,9.61666666666667,19648.5,14.1,53.5
"339","HAWAII HI",1.3692,3,0.469,3,0.876666666666667,11.1,16102.75,14.7,52.125
"340","HAYWOOD NC",13.8818181818182,3,0.0856666666666667,3,0.92,11.15,17745,13.4,54.6666666666667
"341","HEMPSTEAD AR",0.648,3,0.2525,3,1,6.76666666666667,17012,14.1,57
"342","HENDERSON KY",2.002,3,1.00733333333333,4,1.04,6.82,19661,16.3,49.5
"343","HENDERSON NC",13.3152380952381,4,0.827363636363636,3.5,0.985,12.8909090909091,19808.75,13.8,52
"344","HENDERSON TX",2.117,2,0.2038,2,1.04,12.7833333333333,19392,13.3,46
"345","HENDRICKS IN",13.4504545454545,4,0.597,4.5,0.995,12.3666666666667,19233.5,13.55,48
"346","HENNEPIN MN",11.6969620253165,3.28571428571429,0.787705882352941,3.42857142857143,0.925714285714286,6.6625,19235.7692307692,13.1833333333333,48
"347","HENRY IN",2.284,4,0.354333333333333,4,0.95,13.5166666666667,16525,14.8,41
"348","HENRY MO",1.33222222222222,3,0.115,4,0.95,10.8,18392,12.9,50
"349","HENRY TN",12.8581818181818,4,0.3315,3,1.02,12.1,17702,15,48
"350","HENRY VA",11.9254545454545,2,0.329714285714286,3,0.96,9.23333333333333,19708.5,13.9,48.75
"351","HERNANDO FL",13.0386363636364,2,0.929266666666667,2,1.045,10.3,19909.75,14.4,48.3333333333333
"352","HERTFORD NC",2.429,3,1.21833333333333,3,0.89,4.26,18283,14.5,56.5
"353","HIDALGO TX",11.5791803278689,2.66666666666667,0.813485714285714,3.4,0.985,8.084,20954,13.68,54
"354","HIGHLANDS FL",13.3527272727273,2.5,0.552,2.5,1.02,14.2222222222222,20834.75,13.5,5
"355","HILLSBOROUGH FL",13.7742857142857,2.66666666666667,0.754723076923077,2.33333333333333,1.03444444444444,6.22051282051282,20034.8666666667,13.6666666666667,51.25
"356","HILLSBOROUGH NH",13.9171111111111,3.4,0.876931034482759,3.8,1.0075,10.0633333333333,19829.4,12.82,50.5
"357","HILLSDALE MI",1.42888888888889,3,0.036,4,0.98,8.98333333333333,19426,14.4,52
"358","HINDS MS",15.9188636363636,3.5,0.734375,2.25,1.0225,10.1041666666667,18796.875,15.45,97
"359","HONOLULU HI",12.6648571428571,3.57142857142857,0.490591836734694,3.42857142857143,0.888571428571429,8.87666666666667,18411.9285714286,14.6571428571429,58.7142857142857
"360","HOOD TX",2.089,2,0.345,3,1.05,15.4333333333333,18925,15.3,57
"361","HOPEWELL CITY VA",1.49444444444444,3,0.4638,2,0.97,15.66,19725.5,15,43
"362","HOPKINS TX",1.45333333333333,3,0.24525,3,1.02,8.72,21132,16,45
"363","HORRY SC",15.419696969697,3.33333333333333,0.597409090909091,3.33333333333333,0.936666666666667,9.56666666666667,19176.1666666667,13.9333333333333,47.6
"364","HOUGHTON MI",2.75272727272727,4.5,0.1565,3.5,0.91,5.44444444444444,17631.5,14.65,51.75
"365","HOUSTON AL",18.3304545454545,3.5,1.06075,3.5,1.01,10.6333333333333,18275,14.75,92
"366","HOUSTON GA",8.57555555555555,3,0.355090909090909,3.5,0.915,13.6875,17259.6666666667,13.2,51.5
"367","HOWARD IN",14.7813636363636,3,0.6165,3.5,1.05,11.3,21659.25,14.1,62.75
"368","HOWARD TX",1.255,3,0.4315,2,1.04,7.6,19765,15,48.5
"369","HOWELL MO",13.8563636363636,3,0.4694,3,0.91,14.9833333333333,17217,15,100
"370","HUDSON NJ",11.5455172413793,2.16666666666667,0.486527777777778,1.83333333333333,1.085,7.956,20988.9166666667,13.5833333333333,56
"371","HUGHES SD",2.25,3,0.9865,4,0.85,5.74,15086,14.6,53.5
"372","HUMBOLDT CA",8.6885,2.5,1.04791666666667,3,0.875,7.94444444444444,15378,13.7,53.3333333333333
"373","HUNT TX",2.457,3,0.3325,2,1.14,19.5333333333333,21231,14.7,49.6666666666667
"374","HUNTINGDON PA",1.6,4,1.543,4,0.99,4.2,19014.5,14.1,63.3333333333333
"375","HURON MI",1.64222222222222,4,0,4,0.88,10.1083333333333,17616.5,13.9,51.6666666666667
"376","HURON OH",2.22181818181818,4.5,0.8295,4,0.92,5.82,19209.3333333333,14.7,54
"377","IMPERIAL CA",2.4755,2,0.9705,2,0.955,10.72,19103,15.05,100.285714285714
"378","INDEPENDENCE AR",16.8154545454545,3,1.00228571428571,2,0.99,12.05,20434.5,15.8,47.5
"379","INDIANA PA",2.229,3,0.449666666666667,3,0.99,9.525,19385.5,13.4,64.6666666666667
"380","IREDELL NC",10.03125,2.66666666666667,0.470176470588235,2.66666666666667,0.933333333333333,5.98666666666667,18279.5,14.4666666666667,49.1666666666667
"381","ISABELLA MI",1.30222222222222,3,0,4,0.92,7.35,19047,14.5,53
"382","JACKSON FL",2.837,4,0.300666666666667,3,1.03,13.2,17965,15.3,53
"383","JACKSON GA",1.34714285714286,2,0.2985,2,0.94,11.0333333333333,18464.5,13.9,48
"384","JACKSON IL",12.6409090909091,4,0.5713,3,1.02,10.0285714285714,19153,13.5,52
"385","JACKSON IN",1.909,4,0.644,5,0.96,11.08,17695.5,15.4,39.3333333333333
"386","JACKSON MO",10.7871739130435,3,0.678774193548387,3.11111111111111,0.945555555555556,10.0478260869565,18906.6875,13.9,52.1666666666667
"387","JACKSON NC",15.1054545454545,3,0.3526,2,0.95,17,15579,14.3,56.5
"388","JACKSON OK",2.223,4,0.299,3,0.87,22.2,18484.5,14.3,49.5
"389","JACKSON OR",10.514375,3.33333333333333,0.82375,3.33333333333333,0.913333333333333,7.06666666666667,17515.8,12.9,56
"390","JAMES CITY VA",8.0495,4,0.244333333333333,4,0.98,8.56666666666667,17529.3333333333,13.3,69.6666666666667
"391","JEFFERSON AL",15.2198780487805,3.42857142857143,0.774735849056604,2.71428571428571,1.00714285714286,13.2675675675676,18847.3571428571,14.4571428571429,58.3333333333333
"392","JEFFERSON AR",13.0727272727273,2,0.266625,2,1.07,15.15,18480.5,15.8,64.3333333333333
"393","JEFFERSON CO",11.1351724137931,3.66666666666667,0.669705882352941,3.66666666666667,0.95,3.71111111111111,20095.5,12.4,8
"394","JEFFERSON DAVIS LA",2.351,4,0.496,3,1.05,30.82,18975.5,14.9,49.5
"395","JEFFERSON IL",8.32428571428571,3.5,0.4809,2.5,0.975,4.71111111111111,17393.3333333333,17.5,37.6666666666667
"396","JEFFERSON IN",2.308,4,0.3044,4,0.95,12.8,20472.5,13.3,46
"397","JEFFERSON KY",16.8174418604651,2.75,1.05916129032258,2.5,1.005,10.7916666666667,19817.25,13.375,51.25
"398","JEFFERSON LA",15.4997727272727,3.25,0.962233333333333,3.25,0.9875,16.1136363636364,17434.625,14.05,54
"399","JEFFERSON NY",2.466,3,1.39757142857143,2,0.94,8.3,18457.5,15.8,52.3333333333333
"400","JEFFERSON PA",1.70125,4,0.1925,3.5,1.05,8.1,19072.75,14.45,51.25
"401","JEFFERSON TX",14.3354545454545,2.66666666666667,0.921045454545455,3,1.07666666666667,12.82,20463.5,15.0666666666667,67.1666666666667
"402","JERSEY IL",1.10142857142857,4,0,3,1.05,13.9,19274.5,14.5,52
"403","JIM WELLS TX",2.15111111111111,3,0.6782,3,1.09,21.5666666666667,20793.5,12.3,47
"404","JOHNSON AR",2.549,3,0.347,3,0.94,7.23333333333333,17347,15,49
"405","JOHNSON IN",1.33555555555556,4,0.201,4,1.05,6.075,20778,14.8,48.5
"406","JOHNSON KY",1.09857142857143,3,0.33975,3,0.92,6.75,18809.5,14.1,51.5
"407","JOHNSON MO",2.502,3,0.191,3,0.87,12.4,14454,14.3,54
"408","JOHNSON TX",7.77095238095238,3.5,0.202692307692308,4,1.055,5.9,19732,12.5,50.1666666666667
"409","JOHNSTON NC",14.7972727272727,4,0.738428571428571,3,0.96,12.0166666666667,19185,12.7,45.6666666666667
"410","JONES MS",13.4472727272727,3,0.837285714285714,1,0.91,6.575,18322.5,14,49.6666666666667
"411","JOSEPHINE OR",14.1872727272727,3,0.156428571428571,3,0.88,10.6666666666667,17114.5,14.1,52.3333333333333
"412","KANAWHA WV",13.7651515151515,3,0.6482,3.33333333333333,0.94,10.5875,19787.6666666667,13.7666666666667,63
"413","KAUAI HI",2.307,3.5,1.06,3.5,0.87,2.33333333333333,17787,14.8,55.75
"414","KAY OK",1.79823529411765,3,0.8214,3.5,1,9.38571428571429,16780,13.9,52.5
"415","KENNEBEC ME",8.02190476190476,4,0.5914,4,0.97,2.35,18731.5,16.2,53.5
"416","KENOSHA WI",14.6586363636364,3.5,0.482642857142857,3.5,0.98,10.1833333333333,19666,14.85,59.5
"417","KENT MI",13.0945454545455,3.66666666666667,0.937695652173913,3.66666666666667,0.95,10.3555555555556,18702.1666666667,14.2,53.25
"418","KENT RI",15.8436363636364,3,1.34342857142857,3,1,4.12,19079,12.2,62
"419","KENTON KY",13.7045454545455,3,0.507125,4,1.03,9.7,20066,10.9,52.5
"420","KERN CA",10.9154285714286,1.875,0.812571428571429,1.875,0.99,8.06538461538462,19364.9,14.775,49.3333333333333
"421","KERR TX",13.082,4,1.0075,3,1.06,10.5333333333333,19638.5,14.6,50.25
"422","KERSHAW SC",2.655,3,1.1175,4,0.98,10.1166666666667,18911,12.8,53.6666666666667
"423","KING WA",14.6693617021277,3.07142857142857,0.964258064516129,3.21428571428571,0.961538461538462,9.19466666666667,19210.962962963,14.5461538461538,60.35
"424","KINGS CA",15.3683333333333,1.5,0.93325,2,0.89,22.04,18046,15.8,57.3333333333333
"425","KINGS NY",11.4009166666667,1.69230769230769,1.0681847826087,1.46153846153846,1.02230769230769,6.48292682926829,19512.1538461538,13.8076923076923,64.2727272727273
"426","KLAMATH OR",14.6918181818182,3,1.229,3,0.83,11.0166666666667,18534.5,14.7,79
"427","KNOX IL",2.371,3.5,0.664285714285714,3,1.02,7.98,18515.5,15.75,56
"428","KNOX IN",13.4,4,1.14828571428571,3,1.07,16.2166666666667,19397,13.1,50.5
"429","KNOX KY",12.6627272727273,3,0.506,3,0.96,10.6888888888889,17578,14.4,49.5
"430","KNOX ME",2.332,4,0.7855,3,0.91,3.16,17768.5,12.8,52.25
"431","KNOX OH",1.929,3,0.2805,3,0.99,12.7166666666667,18936,14.9,51
"432","KNOX TN",15.3147727272727,3.5,0.8699375,3,0.9725,10.7666666666667,19243.125,14.625,67.3333333333333
"433","KOSCIUSKO IN",1.55333333333333,3,0.0855,3,0.98,7.68,19147.5,15.2,52
"434","LA SALLE IL",1.87263157894737,4,0.99175,3.66666666666667,0.935,8.17058823529412,16910,14.75,55.5714285714286
"435","LACKAWANNA PA",16.8548484848485,2.66666666666667,0.668954545454545,1.66666666666667,1.10666666666667,9.2375,20436.3333333333,15.0666666666667,64.5
"436","LAFAYETTE LA",9.97710144927536,4.28571428571429,0.963266666666667,3.5,0.994285714285714,13.1909090909091,19639.25,15.95,70.3333333333333
"437","LAFAYETTE MS",13.0136363636364,3,0.890125,4,0.96,6.96,18954,12.6,68.3333333333333
"438","LAFOURCHE LA",15.0936363636364,4.33333333333333,0.853777777777778,3.66666666666667,0.98,10.1,17292.25,14.5,51.5
"439","LAKE FL",15.3975757575758,2.66666666666667,0.844545454545454,2.33333333333333,1.00666666666667,6.9625,20034,14.6,49
"440","LAKE IL",11.9023214285714,3.2,0.802878787878788,4,1.006,11.3481481481481,20789.25,13.575,48.25
"441","LAKE IN",11.878125,3.44444444444444,0.677673076923077,3.44444444444444,1.06222222222222,11.369387755102,20073.1875,14.4571428571429,97
"442","LAMAR TX",18.1227272727273,3,0.681428571428571,3,1.04,3.65,20791,14.3,100
"443","LANCASTER PA",11.9068292682927,3,0.541814814814815,3.25,0.9875,11.05,19083.8571428571,13.1333333333333,54
"444","LANCASTER SC",2.38,3,0.5682,2,0.95,4.15,18345.5,14.6,55.3333333333333
"445","LANE OR",12.3357142857143,2.75,0.348777777777778,2.8,0.856666666666667,4.4,16533.8333333333,14.5,54.1666666666667
"446","LAPEER MI",11.8990909090909,2,0.585714285714286,3,0.93,10.75,21606,11.8,45
"447","LARIMER CO",10.530625,4,0.6346,3.66666666666667,0.9425,10.2904761904762,18820.3333333333,14.5666666666667,58
"448","LAUDERDALE MS",12.2167857142857,3,0.772117647058824,2.5,1.10333333333333,13.1666666666667,19589.25,14.1,94
"449","LAUREL KY",16.0754545454545,3,0.572833333333333,3,0.92,11.2333333333333,18880.5,13.3,46.5
"450","LAURENS GA",15.2854545454545,4,0.593571428571429,4,0.94,3.24,19720,13.1,51.5
"451","LAWRENCE AL",0.664,3,0.6905,4,0.88,6.375,15980,14.5,48.5
"452","LAWRENCE PA",8.73166666666667,2.5,0.612888888888889,3,1.025,12.4444444444444,18925.3333333333,12.4,50.75
"453","LEA NM",1.4,3.5,0,3,0.91,10.1444444444444,18234.3333333333,14.1,51.6666666666667
"454","LEE AL",15.5,4,0.779625,4,0.9,12.7,17940.5,15.5,49
"455","LEE FL",10.8240476190476,2.25,0.745037037037037,2,1.0375,12.7473684210526,20342.5,13.575,50.4444444444444
"456","LEE IA",1.94411764705882,4,0.591,3,0.89,12.2666666666667,18017.75,14.5,51
"457","LEE NC",16.329,3,0.182166666666667,2,0.92,1.98,18880,15.2,43.3333333333333
"458","LEFLORE MS",15.3254545454545,2,0.233333333333333,2,1.02,12.04,18542.5,15,50.5
"459","LEHIGH PA",11.5789361702128,3.8,0.709086956521739,3.2,0.966,11.0190476190476,18933.5,13.1,55
"460","LENAWEE MI",2.42909090909091,3,0.240571428571429,3,0.94,5.7,17575.3333333333,14.9,67.3333333333333
"461","LENOIR NC",16.0136363636364,3,1.48571428571429,2,0.98,9.025,17695,13.4,51.5
"462","LEON FL",13.9831818181818,3,0.8020625,2.5,1.025,5.65,19553.5,15.9,53
"463","LETCHER KY",1.2175,4,0.076,3,0.85,15.48,18889.5,14.3,49.5
"464","LEWIS WA",14.3472727272727,3,0.447,3,0.89,9.26,17874.5,14.1,52.8
"465","LEWIS WV",1.46111111111111,3,0.3625,3,0.86,6.225,17183.5,15.6,50
"466","LICKING OH",13.402,3,0.191428571428571,3,0.97,9.48333333333333,17744,14.7,52
"467","LINCOLN LA",16.5763636363636,3,1.22266666666667,2,1.14,6.6,19331.5,15.4,2
"468","LINCOLN NC",13.9781818181818,4,0.375142857142857,4,1,11.9666666666667,18390,14.3,47
"469","LINCOLN NE",13.1081818181818,3,0.725,3,0.94,13,20015.5,12.8,54
"470","LITCHFIELD CT",8.64190476190476,3,0.816333333333333,2.5,0.985,7.35555555555556,19253,13,52.6
"471","LIVINGSTON MI",1.13142857142857,4,0.21425,4,0.79,9.25,20019,13.5,47
"472","LOGAN KY",1.06857142857143,3,0,3,0.94,4.725,18581,13.3,50.5
"473","LOGAN OH",2.554,4,1.31366666666667,3,1.07,6.275,19748.5,13.1,50
"474","LOGAN WV",2.44,2,0.3495,3,0.94,9.55,17985,14.4,47.25
"475","LORAIN OH",13.6913043478261,3.33333333333333,0.710428571428571,3.33333333333333,1.055,8.46428571428571,19573,13.4,51.5
"476","LOS ANGELES CA",10.1275310344828,2.29166666666667,0.82175,2.93243243243243,1.06324675324675,6.69954751131222,20761.7118644068,13.0127272727273,51.5051546391753
"477","LOUDOUN VA",14.0945454545455,3,0.555428571428571,3,0.96,9.23333333333333,17898,15.5,54.5
"478","LOWNDES MS",13.5890909090909,3,0.19025,3,0.99,13.92,20247.5,15.5,67
"479","LUCAS OH",12.9283908045977,3,0.578345454545454,3.375,1.025,7.7,20296.25,14.05,52.6363636363636
"480","LUZERNE PA",15.6527272727273,3,0.952904761904762,3,1.09333333333333,10.7277777777778,20513.8333333333,14.5333333333333,54.6666666666667
"481","LYCOMING PA",14.1136363636364,4,0.459,4,0.99,9.56363636363636,16401.25,13.9,51
"482","MACOMB MI",13.0462162162162,2,0.561434782608696,2,1.01333333333333,11.6529411764706,20335.5,13.4333333333333,54.75
"483","MACON IL",14.6777272727273,3,0.645785714285714,2.5,0.97,11.65,18456.25,14.8,100
"484","MADERA CA",2.245,2,0.0335,2,0.94,4.7,17479.5,13.9,77
"485","MADISON IL",10.5979545454545,3.4,0.32808,3,0.965,9.012,19417.1111111111,15.425,51.1111111111111
"486","MADISON IN",14.5386363636364,3.5,0.680066666666667,3.66666666666667,1.02,11.28,18888.8,13.95,49.625
"487","MADISON KY",12.2618181818182,3.5,0.3742,3.5,0.98,5.93636363636364,18444,14.2,46.6666666666667
"488","MADISON TN",15.8068181818182,3,0.4052,3,1.045,7.45454545454546,18737.75,11.95,53
"489","MAHONING OH",7.83833333333333,3,0.48404,2.5,1.04,9.7,20239.6666666667,15.3,50.4
"490","MANASSAS CITY VA",14.4081818181818,2,0.778142857142857,2,1.02,11.38,19900.5,15.8,50
"491","MANITOWOC WI",1.87894736842105,3.5,0.844666666666667,4,0.94,4.5125,18944,15.2,45.3333333333333
"492","MARATHON WI",14.4763636363636,3.5,0.615214285714286,3,0.935,7.6375,19853.5,14.15,100
"493","MARICOPA AZ",11.2754952076677,3.03125,0.701091370558376,3.22222222222222,0.9675,6.35754716981132,20631.8125,13.8041666666667,50.3125
"494","MARINETTE WI",2.147,3,0.55175,4,0.91,10.3,18805.5,13.9,50
"495","MARION IL",2.498,4,0.2434,3.5,0.96,11.4625,17400,13.8,52
"496","MARION IN",13.2788043478261,3.375,0.910309090909091,3.5,0.992222222222222,11.6809523809524,19403.6428571429,14.3714285714286,47.8333333333333
"497","MARION MO",13.1172727272727,3,0.48325,3,0.92,11.4,18385,12.6,93
"498","MARION OH",13.5490909090909,3,0.26025,3,0.97,9.35,19690,12.9,52
"499","MARION OR",6.34586206896552,3.33333333333333,0.579454545454545,3,0.893333333333333,7.70833333333333,18263.5,13.7,51.4285714285714
"500","MARION SC",1.185,2,0.0623333333333333,2,0.86,2.3,16205.5,13.4,52
"501","MARION WV",2.42555555555556,2,0.692,2,0.96,19.26,19631,13.4,55.5
"502","MARQUETTE MI",14.7616666666667,4,0.664142857142857,3.5,1.02,11.5,17377.3333333333,14.1,46.3333333333333
"503","MARSHALL AL",18.35,3,0.720428571428571,3,0.98,13.45,19773.5,16,55.5
"504","MARSHALL IN",1.57333333333333,3.5,0.8025,3,0.98,4.75,17975,13.8,55
"505","MARSHALL WV",1.41625,4,1.414,3,0.99,5.18,18573,15.6,51.5
"506","MARTIN FL",10.67,2,0.76725,2,1.05,10.5666666666667,20731,12.7,49
"507","MARTIN MN",2.52,3,0.579,3,0.75,6.2,19247,13.5,52.5
"508","MASON KY",12.3527272727273,3,1.0705,3,0.96,17.12,21285,13.4,52
"509","MASON WV",2.17888888888889,3,0.5185,3,0.92,12.3,17962.5,15.8,51.5
"510","MATAGORDA TX",1.17125,3,0.69,3,1.08,4.23333333333333,21292.5,14.9,51.5
"511","MATANUSKA SUSITNA AK",2.467,3,0.616666666666667,3,0.8,5.5,17555,14.9,49
"512","MAUI HI",18.024,3,0.837428571428571,3,0.86,2.7,17743,13.1,58
"513","MAURY TN",10.2336363636364,4,0.523428571428571,4,0.98,10.9833333333333,19001.5,14,47
"514","MAVERICK TX",14.9290909090909,2,0.489,3,1.12,16.275,22344.5,15.5,49.5
"515","MCCRACKEN KY",15.1095454545455,3,0.9755,2.5,0.99,12.9666666666667,19230.75,15.4,66.3333333333333
"516","MCDONOUGH IL",2.271,4,0,3,0.97,16.56,17346,14.4,51
"517","MCHENRY IL",11.8271428571429,3,0.780461538461538,4,1.025,8.5625,19552.8,13.5,50.4
"518","MCKEAN PA",2.079375,3.5,0.264666666666667,3.5,0.96,17.8909090909091,17354.6666666667,15,53.8
"519","MCLEAN IL",14.8795454545455,4,0.659142857142857,3.5,0.93,11.9833333333333,18114.5,13.9,100
"520","MCLENNAN TX",15.2959090909091,3,0.643266666666667,2,1.015,11.3666666666667,19463,14.05,86
"521","MCMINN TN",2.365,3,0.0533333333333333,3,1.03,13.6166666666667,18471,14.6,49.8
"522","MECKLENBURG NC",12.2290769230769,3,0.81963829787234,3.33333333333333,0.963333333333333,9.72727272727273,18414.9166666667,13.95,48.5
"523","MEDINA OH",2.041,3,0.666,4,1.01,4.1125,19450.5,14.7,53.6
"524","MENDOCINO CA",2.50333333333333,3.33333333333333,0.6675,3.33333333333333,0.89,13.54,17434.5,15.1,57.5
"525","MERCED CA",8.625,3,0.511,2.5,0.89,5.2,18145.3333333333,16.4,63.6666666666667
"526","MERCER NJ",15.0424390243902,2.25,0.792814814814815,1.5,1.085,5.98823529411765,21152.75,14.9,53.75
"527","MERCER OH",2.235,4,0.1775,4,1.09,4.3,18537.5,14,52
"528","MERCER PA",1.94823529411765,2.66666666666667,0.3028125,3,0.985,13.79375,18829.6,13.35,56.8333333333333
"529","MERCER WV",14.6718181818182,3.5,0.8395,2,0.97,16.6090909090909,18731.75,14.9,53.5
"530","MERRIMACK NH",13.2858333333333,3.5,0.3282,3,0.99,4.73333333333333,19126.4,14.9,53.25
"531","MESA CO",8.13190476190476,3.5,0.438153846153846,3,0.955,10.4222222222222,17244,13.5,73
"532","MIAMI-DADE FL",9.77333333333333,2.76470588235294,0.942658536585366,2.70588235294118,1.04944444444444,6.21764705882353,20561.6666666667,13.95,49.2142857142857
"533","MIAMI OH",14.8954545454545,3,0.304428571428571,3,1.01,7.73333333333333,19608.5,14,57.3333333333333
"534","MIDDLESEX CT",12.765,4,0.742142857142857,3,0.99,13.42,19496,13.1,55.3333333333333
"535","MIDDLESEX MA",11.0305128205128,3.18181818181818,0.649042253521127,3.18181818181818,1.00636363636364,7.6051724137931,20035.3636363636,13.0636363636364,54.1428571428571
"536","MIDDLESEX NJ",15.9090909090909,2.8,0.821641025641026,2.2,1.088,6.28076923076923,22345,14.2,52
"537","MIFFLIN PA",2.434,2,0.716666666666667,3,1,9.7,19074,13.9,67.6666666666667
"538","MILWAUKEE WI",11.206404494382,3.77777777777778,0.595071428571429,3.66666666666667,0.947777777777778,10.69,19794.0769230769,13.5166666666667,49.5
"539","MOBILE AL",16.3725581395349,3.5,0.873666666666667,2.25,0.97,17.6666666666667,19812.6666666667,15.7,96
"540","MOHAVE AZ",12.3179069767442,2.75,0.691391304347826,2.25,0.9,12.4428571428571,18606.5,14.85,54.5
"541","MONMOUTH NJ",14.6223636363636,2.8,0.972078947368421,3.4,1.07,4.975,22229,12.64,55.1666666666667
"542","MONONGALIA WV",14.8813636363636,3,0.6135625,2.5,1.02,11.7,20510.75,15.95,91
"543","MONROE FL",3.0025,3.66666666666667,0.823857142857143,2.66666666666667,0.96,6.35833333333333,19557.25,15.2,51.25
"544","MONROE IN",13.9472727272727,3,0.593285714285714,4,1.03,8.94,20392,11.2,53.5
"545","MONROE MI",11.6345454545455,3,0.632714285714286,3,0.99,9.1,20176,11.7,51.5
"546","MONROE NY",14.14,3.25,0.74175,3.5,0.925,7.39444444444444,18062.875,13.2,53.5
"547","MONROE PA",13.2245454545455,3,0.36425,4,0.99,15.3166666666667,19360,12.5,14
"548","MONROE TN",1.45,4,0.824666666666667,3,1.03,12.06,18101,16,66.6666666666667
"549","MONTEREY CA",8.28368421052632,3,0.713208333333333,3.5,0.9525,4.93684210526316,18927.4,13.4,59.5
"550","MONTGOMERY AL",12.9132258064516,3.33333333333333,1.03683333333333,3.66666666666667,0.996666666666667,12.1285714285714,19818,13.7666666666667,69.5
"551","MONTGOMERY NY",1.928,3,0.14725,3,0.93,5.05,19060.5,14.5,49
"552","MONTGOMERY OH",11.9704918032787,3.33333333333333,0.570921052631579,3.8,1.045,10.1333333333333,20083.5,13.88,48
"553","MONTGOMERY PA",11.2185714285714,3.25,0.86675,2.57142857142857,0.961,8.84117647058824,20376.4615384615,14.25,52.875
"554","MONTGOMERY TN",12.8,3,0.393375,2,0.98,11.1666666666667,20370,16.5,45
"555","MONTGOMERY TX",11.7086666666667,3.33333333333333,1.01929411764706,2.66666666666667,1.14,16.82,20992,13.8,50.25
"556","MONTGOMERY VA",15.3472727272727,3.5,0.559076923076923,3,0.985,11.5909090909091,19274,15.5,56
"557","MOORE NC",13.5118181818182,4,0.835285714285714,4,0.92,8.8,17418.5,12.5,66.6666666666667
"558","MORGAN AL",20.335,3,0.44475,2,0.97,13.2166666666667,18348,14.5,45
"559","MORRIS NJ",14.8963636363636,3,0.656,2.66666666666667,1.07666666666667,12.6833333333333,21724,12.8666666666667,51.5
"560","MULTNOMAH OR",12.28328125,3.5,0.63104347826087,2.83333333333333,0.913333333333333,10.7724137931034,18714.6666666667,13.7,45.2857142857143
"561","MUSCOGEE GA",12.2256666666667,3.33333333333333,1.053375,3.33333333333333,1.01,11.5181818181818,18906.5,15.75,82
"562","MUSKOGEE OK",18.7627272727273,2,0.292142857142857,2,1.06,16.35,20151.5,13.2,55
"563","NACOGDOCHES TX",17.9704761904762,3,0.524384615384615,3,1.09,8.85,18949.25,16.1,44.6666666666667
"564","NAPA CA",12.7027272727273,3,0.769333333333333,3,0.92,8.21,20554,14.05,53
"565","NASH NC",14.9390909090909,3,1.015,2,0.96,8.06666666666667,18504.5,16.4,49.75
"566","NASSAU FL",1.54125,4,1.0475,3,0.93,10.4333333333333,19824,14.9,53.5
"567","NASSAU NY",12.7255238095238,2.3,0.911901408450704,1.9,1.046,10.8048780487805,21027.3,13.73,57.5
"568","NATCHITOCHES LA",1.4325,3,0.527333333333333,4,1.13,16.86,21805,13.7,52.5
"569","NAVAJO AZ",10.19375,4,0.114833333333333,4,0.845,16.45,19614.5,14.2,49.25
"570","NAVARRO TX",2.396,3,0.403333333333333,3,1.01,14.78,18893.5,15,53
"571","NELSON KY",14.4990909090909,3,0.43,4,0.91,11.22,20915,14,52.5
"572","NEVADA CA",13.9008333333333,3.5,0.80175,3.5,0.92,9.83333333333333,17987.3333333333,14.4,55.5
"573","NEW HAVEN CT",10.2963768115942,3.16666666666667,0.901463414634146,2.71428571428571,1.02142857142857,8.63448275862069,20386.3846153846,13.3166666666667,58.2
"574","NEW LONDON CT",14.3877272727273,3,0.440857142857143,3.5,1.02,9.36666666666667,20257.5,13.3,55.2
"575","NEW MADRID MO",13.6645454545455,4,0.656,4,0.95,12.0666666666667,18540,14.4,44
"576","NEW YORK NY",11.4293396226415,2.3,0.728283783783784,2.7,0.975,9.82820512820513,19455.5294117647,12.3,47.5
"577","NEWPORT RI",2.83,4,0.7655,4,0.99,11.2,20006.5,13.1,53.5
"578","NEWTON GA",2.379,3,0.400833333333333,2,1,15,19358,15.5,58
"579","NIAGARA NY",2.14,2.33333333333333,0.855294117647059,2.33333333333333,0.936666666666667,5.13571428571429,19274,14.0666666666667,46.125
"580","NICHOLAS WV",1.33,2,1.247,2,0.88,19.56,14549,15,51
"581","NORFOLK CITY VA",15.9171875,3.33333333333333,0.821208333333333,3.33333333333333,0.97,10.4222222222222,18778.6666666667,14.4,73.75
"582","NORFOLK MA",12.5257142857143,3,0.704730769230769,3.25,0.9925,8.44782608695652,20016,13.975,52.8333333333333
"583","NORTHAMPTON VA",1.15375,3,0.9856,4,0.9,3.98,19758,13.4,54
"584","NORTON CITY VA",1.31,3,0.22825,4,0.89,9.08333333333333,16512,13.5,51
"585","NUECES TX",10.9034375,3,0.990555555555556,3.66666666666667,1.04333333333333,8.1875,19160.25,14.5,54
"586","OAKLAND MI",11.3092307692308,2.88888888888889,0.686661971830986,2.77777777777778,1.02416666666667,9.09807692307692,19535.5555555556,12.4888888888889,50.5
"587","OBION TN",1.56777777777778,3,0.427333333333333,3,0.99,10.6666666666667,19911.5,13.5,52
"588","OCEAN NJ",11.2260975609756,2.25,0.848464285714286,3,1.0875,5.58421052631579,22364.375,14.375,53.7142857142857
"589","OCONEE SC",15.2245454545455,3,0.859166666666667,3,0.96,4.94,19909.5,15.3,50.3333333333333
"590","OGEMAW MI",2.1,3,1.10666666666667,4,0.95,14.5833333333333,18478,14.8,52
"591","OHIO WV",15.4533333333333,3,0.467,2,1.015,13.9,19879.25,14.6,55.3333333333333
"592","OKALOOSA FL",11.5125806451613,3.33333333333333,0.394055555555556,3.33333333333333,0.966666666666667,7.77857142857143,19337.5,13.7333333333333,52.25
"593","OKEECHOBEE FL",12.9981818181818,2,0.575333333333333,3,0.97,4.525,20670,11.8,62.6666666666667
"594","OKLAHOMA OK",10.5825157232704,3.42857142857143,0.835671232876712,3.38461538461538,1.02176470588235,15.3338709677419,19063.2777777778,14.0777777777778,47.2222222222222
"595","OLMSTED MN",7.07210526315789,4,0.584333333333333,4,0.9,4.1,18589,11.6,54.3333333333333
"596","ONEIDA NY",11.0161290322581,2.66666666666667,0.862222222222222,1.66666666666667,0.996666666666667,5.4,18678.3333333333,15.2,50.5
"597","ONEIDA WI",2.2825,3.5,0.976,3.5,0.855,8.56666666666667,17428.6666666667,13,52
"598","ONONDAGA NY",17.9169696969697,3,1.0495,2,0.98,4.62857142857143,18891.6666666667,13.9,94
"599","ONSLOW NC",13.6390909090909,3,0.385333333333333,3,0.92,2.66,19138.5,13.2,53
"600","ONTARIO NY",2.13214285714286,3.33333333333333,0.856625,2.66666666666667,0.873333333333333,8.4,17919,15.65,55.5714285714286
"601","ORANGE CA",9.65455882352941,2.38095238095238,0.708037313432836,2.95238095238095,1.065,8.64852941176471,20976.9393939394,13.575,52.0571428571429
"602","ORANGE FL",14.2342424242424,2.66666666666667,0.661391304347826,2.66666666666667,1.02333333333333,5.94375,20521,14.9,100
"603","ORANGE NY",8.688,3,0.801380952380952,2.75,1.01,7.3,20805,13.5,53
"604","ORANGEBURG SC",17.4245454545455,3,1.45628571428571,2,0.98,8.26666666666667,17105,13.2,50
"605","OSCEOLA FL",7.02923076923077,2,0.743888888888889,2,1.01,4.46666666666667,18977,13.35,55
"606","OSWEGO NY",1.52666666666667,3,0.1474,3,1.01,4.72,19236.5,14.4,51
"607","OTERO CO",1.68777777777778,3,0.543,3,0.83,2.15,15290,14.6,59.5
"608","OTERO NM",12.3766666666667,2,1.3678,2,0.98,3.475,18704,16.5,48
"609","OTSEGO MI",2.207,4,0.639333333333333,4,0.84,10.7333333333333,17600,14.2,48
"610","OTSEGO NY",10.6709523809524,3,0.5403,2,0.915,10.21,16804,12.85,71
"611","OTTAWA MI",6.50862068965517,4,1.36357142857143,4,0.923333333333333,7.32142857142857,16475.5,13.3,52.3333333333333
"612","OTTER TAIL MN",1.53333333333333,4,1.485,4,0.92,3.11666666666667,17065.3333333333,14.2,46.4
"613","OUACHITA LA",7.037,3.8,0.835666666666667,3.5,1.034,15.0619047619048,18949.4,13.8,69.3333333333333
"614","PALM BEACH FL",10.8996992481203,2.23076923076923,0.755282608695652,2.38461538461538,1.06538461538462,7.594,20600.44,14.1916666666667,58.9230769230769
"615","PASCO FL",12.3568253968254,2.83333333333333,0.485634146341463,2.83333333333333,1.045,5.80952380952381,20107.4166666667,14,50
"616","PASQUOTANK NC",14.2781818181818,3,0.980666666666667,3,0.91,11,18907,14.9,48.25
"617","PASSAIC NJ",15.74,2,0.9035,1.5,1.065,10.1444444444444,22342.25,15.2,55
"618","PAYNE OK",10.0482352941176,3.5,0.56175,3.5,0.97,11.84,18632,13.1,51.25
"619","PENOBSCOT ME",15.6226086956522,4,0.529333333333333,3.25,1.005,7.1,17747.375,14.8,53.25
"620","PERRY KY",14.0645454545455,3,0.795666666666667,2,0.94,17.36,18803.5,17.7,54
"621","PERSON NC",1.77875,2,0.773,3,0.93,8.83333333333333,18300.5,14.5,52.5
"622","PETERSBURG CITY VA",13.0618181818182,3,0.399571428571429,2,1.02,14.05,20430.5,15.9,46.5
"623","PETTIS MO",15.5472727272727,3,0.57,2,0.84,20.0833333333333,19118,13.6,56
"624","PHELPS MO",14.4245454545455,4,0.3532,3,0.96,12.95,21323.5,14.4,51
"625","PHILADELPHIA PA",13.2864233576642,2.84615384615385,0.750126315789474,2.53846153846154,1.03846153846154,9.89206349206349,20600.875,13.5333333333333,66.8888888888889
"626","PHILLIPS AR",1.19428571428571,3,0,2,0.81,6.16666666666667,18414.5,13.6,51
"627","PICKAWAY OH",2.574,3,0.524,3,1.02,3.42,19856,12.9,54
"628","PICKENS GA",12.5754545454545,3,0.5468,3,0.88,10.1333333333333,18607.5,14.4,48.5
"629","PICKENS SC",8.96722222222222,3.5,0.989833333333333,3,1.025,9.22222222222222,18276,14.7,51.25
"630","PIERCE WA",14.1332727272727,2.4,0.705147058823529,2.6,0.922,8.74583333333333,19085.1,14.2,56.4444444444444
"631","PIKE KY",8.31055555555556,4,0.283818181818182,2.5,0.91,15.33,16956,13.8,60
"632","PIKE MS",9.33125,4,0.477222222222222,2.5,0.93,9.55714285714286,15844.3333333333,15.4,44
"633","PIMA AZ",14.8883544303797,2.71428571428571,0.903596153846154,2.71428571428571,0.951111111111111,5.27647058823529,19628.8571428571,14.2285714285714,36.3333333333333
"634","PINAL AZ",6.11875,3.66666666666667,0.5776,3.25,0.91,5.47,18456.6666666667,14.4,50.8888888888889
"635","PINELLAS FL",13.881376146789,2.9,0.636114285714286,2.7,1.076,7.0125,20654.45,13.79,50.1666666666667
"636","PITTSBURG OK",14.8981818181818,2,0.3956,2,0.96,17.9166666666667,19549,13.4,53.5
"637","PLACER CA",10.2193333333333,3,0.641047619047619,4,0.886666666666667,4.84444444444444,18357.75,14.55,53.5
"638","PLATTE MO",12.9481818181818,3,0.537833333333333,3,0.97,10.56,18862.5,13.5,68.6666666666667
"639","PLATTE NE",2.197,4,0,4,0.98,5.08333333333333,18061.5,16.1,54.5
"640","PLYMOUTH MA",15.2769696969697,2.66666666666667,0.624380952380952,2.66666666666667,1.01333333333333,9.41666666666667,20458.8333333333,14.6666666666667,57.1428571428571
"641","POLK AR",1.14,3,0,3,1.08,13.38,17914.5,15.7,50
"642","POLK FL",9.76634615384615,2,0.681,2.2,1.016,7.44736842105263,19472.5555555556,14.65,52.5
"643","POLK IA",9.27073170731707,3.25,0.89892,3.25,0.95,9.93888888888889,18258.5,15.7666666666667,53.5
"644","POLK MO",1.32222222222222,3,0.9325,3,0.94,13.86,18917.5,14.5,64.3333333333333
"645","PONTOTOC OK",9.7478947368421,3.5,0.3477,3,0.925,14.68,17332.6666666667,13.5,51
"646","POPE AR",15.7636363636364,3,0.750142857142857,3,1.02,12.95,19723.5,15.5,52
"647","PORTAGE OH",2.278,2,0.727125,3,0.96,9.6,20316.5,14,51.6666666666667
"648","PORTAGE WI",2.353,4,1.16775,4,0.86,9.71666666666667,17909,14.6,55
"649","POTTAWATOMIE OK",13.2490909090909,4,0.6926,2,0.96,14.5,18119.5,14.8,50.25
"650","PRINCE EDWARD VA",1.65666666666667,4,0.3595,3,0.98,10.2833333333333,18168.5,13.5,53.6666666666667
"651","PRINCE WILLIAM VA",9.09611111111111,3.5,0.3687,2.5,0.96,9.81,18963,15,60.2
"652","PROVIDENCE RI",11.1852777777778,3.14285714285714,0.691978260869565,3,0.985714285714286,6.10967741935484,20009,12.3333333333333,58
"653","PUEBLO CO",15.4281818181818,3,0.555866666666667,4,0.995,13.2083333333333,18699,14.2,97
"654","PULASKI AR",11.3362337662338,3.125,0.754047619047619,2.625,0.99,10.9914285714286,19269.25,14.08,75.75
"655","PULASKI VA",1.51555555555556,3,1.58625,3,0.98,2.9,18576,13.3,49
"656","PUTNAM FL",15.2409090909091,2,0.725285714285714,2,1.07,5.58,20497,15.7,100
"657","PUTNAM NY",14.3018181818182,4,1.90271428571429,3,0.99,10.125,21638.5,12.5,52
"658","PUTNAM TN",12.5963636363636,3,0.875,3,0.99,10.1833333333333,18951.5,12.2,54
"659","QUEENS NY",11.9355128205128,1.625,0.937135593220339,1.25,1.03,6.05,19062.875,14.825,63.0909090909091
"660","RACINE WI",13.6640909090909,3,0.625166666666667,3.5,0.945,9.00833333333333,20480,14.05,47.3333333333333
"661","RALEIGH WV",15.0452380952381,1.5,0.733857142857143,2,0.96,10.1454545454545,19864.25,13.9,51.2
"662","RAMSEY MN",14.2731818181818,3,0.779344827586207,3.25,0.95,7.63333333333333,19794.125,14.025,50.3333333333333
"663","RANDOLPH MO",2.77888888888889,3,0.627,2,0.95,6.875,19400,14.1,49.5
"664","RANDOLPH NC",11.8763636363636,3,0.175142857142857,4,0.93,10.7333333333333,19780.5,15,49.3333333333333
"665","RANDOLPH WV",2.598,3,0.57125,3,0.85,12.4,18687.5,14.5,49.25
"666","RENSSELAER NY",8.106,2.5,0.66575,2.5,0.96,5.73333333333333,18569,15.75,46.6
"667","RICHLAND IL",2.23777777777778,4,0.7735,3,0.96,13.875,19820.5,14,51
"668","RICHLAND OH",13.625,3.5,0.199714285714286,3,0.99,9.42,18191.3333333333,14.2,42
"669","RICHLAND SC",14.6369696969697,3.66666666666667,0.85804347826087,2.66666666666667,0.99,10.025,18949.3333333333,13.6,70
"670","RICHMOND CITY VA",12.155625,3,1.12388888888889,3,0.955,6.86666666666667,20124,15,56
"671","RICHMOND GA",13.3867441860465,2.75,0.965766666666667,2.25,0.99,8.085,19240.375,14.975,56.5
"672","RICHMOND NY",19.1659090909091,2,0.969,1,1.025,4.6875,20151,13.85,100
"673","RILEY KS",12.0635294117647,4,0.733,3,0.945,3.86,19121.5,13.1,54
"674","RIVERSIDE CA",10.5313375796178,2.1875,0.806628571428571,2.4375,1.0125,8.25294117647059,20139.48,14.525,55.8076923076923
"675","ROBERTSON TN",2.217,4,0.288,3,1.03,6.225,19238.5,13.8,52
"676","ROCK ISLAND IL",7.91190476190476,2.5,0.6719,2.5,0.945,3.69,19310.5,13.2,50
"677","ROCK WI",6.69806451612903,3.33333333333333,0.607352941176471,3.33333333333333,0.98,12.7538461538462,18384.6,16,62.5
"678","ROCKDALE GA",17.4109090909091,2,0.8625,2,0.99,4.8,18845,14.1,51.5
"679","ROCKINGHAM NC",1.2975,3,0.232666666666667,3,0.97,11.5166666666667,18140,13.8,50.5
"680","ROCKINGHAM NH",15.1140625,3.33333333333333,0.579777777777778,3.33333333333333,1.01666666666667,8.35882352941177,19942.6666666667,15.0333333333333,7
"681","ROCKLAND NY",12.8123076923077,2,0.651666666666667,2,1.065,9.0625,23119.75,13.1,53.3333333333333
"682","ROGERS OK",1.77066666666667,3.5,0.2975,3,0.84,14.72,18610.5,14.7,54.3333333333333
"683","ROSS OH",15.4409090909091,3,0.653857142857143,3,0.98,8.95,17924.5,15.2,59
"684","ROWAN KY",14.5618181818182,3,0.5064,2,0.9,8.72,19899,13.8,51.5
"685","RUSSELL VA",0.652,4,0.2125,3,0.87,1.25,18368.5,14.6,50.5
"686","RUTHERFORD NC",1.52666666666667,3,1.2888,3,0.96,9.45,18029.5,15.4,51.5
"687","RUTHERFORD TN",11.8611111111111,3,0.661294117647059,3,1.13666666666667,3.37777777777778,18882.5,15,49.5
"688","RUTLAND VT",13.6118181818182,4,0.328,3,0.94,9.06666666666667,17905,13.5,53
"689","SACRAMENTO CA",12.7465060240964,2.875,0.784426229508197,2.875,0.8975,4.12307692307692,19731.4615384615,13.8666666666667,53.5833333333333
"690","SAGINAW MI",13.2919230769231,3,0.604466666666667,2,0.973333333333333,14.5583333333333,19223.25,14,73.6666666666667
"691","SAINT CHARLES MO",11.4711904761905,3.25,0.629708333333333,2.75,0.955,8.42631578947368,19953,13.7,52.75
"692","SAINT CLAIR AL",1.18857142857143,4,0.265666666666667,3,0.85,13.475,15109,13.6,50.5
"693","SAINT CLAIR IL",10.0607142857143,2.66666666666667,0.690823529411765,2.66666666666667,0.95,10.6692307692308,18169,12.6,52.5
"694","SAINT CLAIR MI",10.7423333333333,3,0.504692307692308,2.66666666666667,0.963333333333333,9.91333333333333,17599.8,14.3666666666667,52.75
"695","SAINT FRANCOIS MO",2.53888888888889,2,0.4395,3,0.96,9.85,18807.5,15.2,53.6666666666667
"696","SAINT LAWRENCE NY",6.70481481481481,2.66666666666667,0.6793,2.66666666666667,0.823333333333333,8.96923076923077,17585.8571428571,14.5666666666667,53.75
"697","SAINT LOUIS CITY MO",11.6206666666667,3,0.89165,1.66666666666667,1.00666666666667,7.73076923076923,18866.8,14,54.5
"698","SAINT LOUIS MN",7.68673469387755,3.2,0.509,3,0.956,7.78636363636364,17805.1666666667,13.05,52.3333333333333
"699","SAINT LOUIS MO",13.9744329896907,3.11111111111111,0.642846153846154,2.88888888888889,0.967777777777778,9.49795918367347,20171.0588235294,14.0125,51
"700","SAINT LUCIE FL",14.2863636363636,2.5,0.573142857142857,2,1.045,4.02857142857143,19991.5,13.25,47.3333333333333
"701","SAINT MARY LA",2.07777777777778,3,0.704333333333333,3,1.13,15.86,18137.6666666667,15.4,51
"702","SAINT TAMMANY LA",11.4036,3.83333333333333,0.610472222222222,3.5,0.985,11.6041666666667,19151.5,13.12,97
"703","SALEM NJ",2.08833333333333,2.5,0.717428571428571,2.5,1.035,4.86666666666667,20498.5,13.25,52.5
"704","SALT LAKE UT",10.0582828282828,3.3,1.02467924528302,3.5,1.011,11.3978260869565,19713.3846153846,13.78,53
"705","SAMPSON NC",1.29444444444444,3,0.267333333333333,4,0.86,11.4,18292.5,14.4,50
"706","SAN BENITO CA",2.661,2,0.945,2,0.86,20.525,17648,12.9,54
"707","SAN BERNARDINO CA",7.11827868852459,2.5,0.64721875,2.64285714285714,0.990714285714286,6.71914893617021,18220.2727272727,13.6222222222222,49.4583333333333
"708","SAN DIEGO CA",11.4553548387097,3,0.872185185185185,3.6,0.983333333333333,6.85714285714286,20103.3703703704,13.7384615384615,52.3181818181818
"709","SAN FRANCISCO CA",9.98736842105263,2.66666666666667,0.775690909090909,2.88888888888889,0.927777777777778,8.85128205128205,18762.1333333333,13.7142857142857,62.5
"710","SAN JOAQUIN CA",8.20805970149254,2.42857142857143,0.895720930232558,2.42857142857143,0.962857142857143,4.81818181818182,19700.0833333333,13.5333333333333,55.5714285714286
"711","SAN LUIS OBISPO CA",10.6578125,3.33333333333333,0.4838125,3.33333333333333,0.956666666666667,6.13,18284.3333333333,15.4,51.6
"712","SAN MATEO CA",7.47762711864407,3,0.938205128205128,3.16666666666667,0.934285714285714,11.075,19842.8333333333,13.4666666666667,53.75
"713","SANDUSKY OH",2.29,3.5,0.08825,3.5,1.055,9.21,18131,14.4,49
"714","SANTA BARBARA CA",9.08634146341463,3,0.700789473684211,3.6,0.9475,8.99166666666667,17710,12.85,51.375
"715","SANTA CLARA CA",11.152,2.88888888888889,0.930621212121212,2.77777777777778,0.954444444444444,7.11714285714286,20030.2,14.4125,66.8
"716","SANTA CRUZ CA",6.23838709677419,3,0.322928571428571,4,0.953333333333333,2.18888888888889,18819.5,14,58
"717","SANTA ROSA FL",2.0256,3.33333333333333,0.674,3.33333333333333,0.956666666666667,11,18229,12.95,52.5714285714286
"718","SARASOTA FL",13.9163636363636,2.75,0.7,3.75,1.0375,6.72631578947368,20979.375,13.225,47
"719","SARATOGA NY",14.0290909090909,4,0.56,3,0.92,10.05,18948.5,13.8,50.5
"720","SCHUYLKILL PA",2.03896551724138,2.66666666666667,0.872142857142857,2.66666666666667,1.03333333333333,6.00833333333333,19214,14.5333333333333,56.2
"721","SCIOTO OH",8.62444444444444,3,0.981875,4,1.345,16.02,21421,13.4,50.75
"722","SCOTLAND NC",2.129,4,0.375666666666667,4,0.89,10.0166666666667,17983,12.1,45.3333333333333
"723","SCOTTS BLUFF NE",15.7,3,0.72225,3,0.95,8.45,19151.5,16.5,51.5
"724","SEDGWICK KS",14.2237288135593,3.83333333333333,0.532346153846154,4.16666666666667,0.98,13.1166666666667,19416,13.4666666666667,52
"725","SEMINOLE FL",15.0609090909091,2,0.981285714285714,2,1.03,5.32,19980,11.9,49.5
"726","SHEBOYGAN WI",2.242,4,0.18425,3.5,0.94,1.72857142857143,18981,14.95,48.6
"727","SHELBY IN",2.549,4,0.516,4,1,10.6666666666667,18625.5,14,42.3333333333333
"728","SHELBY KY",1.52666666666667,3,0.508,3,1.03,4.875,18139,15.6,51
"729","SHELBY OH",1.41222222222222,4,0.254,3,1.04,3.58,19494.5,14.5,52
"730","SHELBY TN",14.15109375,2.66666666666667,0.880121951219512,2.33333333333333,1.05,13.2032258064516,19017.2222222222,14.825,66.3333333333333
"731","SHIAWASSEE MI",2.66,3,0.64425,2,0.93,9.33333333333333,18324.5,15.7,54.5
"732","SKAGIT WA",9.32333333333333,3.33333333333333,0.399454545454545,3.33333333333333,0.925,8.05333333333333,17536.8,13.6,76.4
"733","SMYTH VA",2.364,3,0.3145,3,0.91,3.4,17878.5,14.8,51.5
"734","SNOHOMISH WA",9.66125,2.75,0.639842105263158,2.75,0.955,6.22352941176471,17974.8,14.75,51.75
"735","SOLANO CA",5.71444444444444,3,0.837888888888889,2.75,0.9025,3.0375,19870.1666666667,14.1,50
"736","SOMERSET PA",1.416875,3.5,0.771875,2.66666666666667,0.955,7.39090909090909,17540,14.3,54.8333333333333
"737","SONOMA CA",7.57183673469388,3.16666666666667,0.737689655172414,3.33333333333333,0.924,6.57727272727273,18014.875,13.6,56
"738","SPARTANBURG SC",15.6304545454545,3,1.04528571428571,3,1.03,7.94545454545455,18053.25,15.05,51.5
"739","SPOKANE WA",14.3820454545455,3,0.643857142857143,2.75,0.9875,2.72222222222222,19179.75,13.95,50
"740","ST JOSEPH IN",11.864,3.66666666666667,0.5523125,4,1.05,3.82,18383,16.45,94
"741","STAFFORD VA",15.377,4,0.759,3,0.99,3.2,20166,12.8,53
"742","STANISLAUS CA",11.7363829787234,2.8,0.637916666666667,2.5,0.958,6.90588235294118,19407.4285714286,13.5666666666667,51.75
"743","STANLY NC",2.819,3,0.1042,3,0.97,13.4333333333333,19270.5,14.5,48
"744","STARK OH",11.3867441860465,3,0.690625,3.5,1.045,9.54782608695652,20479.8571428571,13.3,54
"745","STEARNS MN",13.9563636363636,4.25,0.709625,4,0.96,5.01875,19078,12.7,57
"746","STEELE MN",2.28888888888889,4,0.481,3,0.82,2.95,18392.5,14.1,54
"747","STEPHENS GA",1.75666666666667,3,0.837,3,0.94,8.225,18264,13.4,55
"748","STEPHENS OK",13.0936363636364,4,0.601,3,0.9,11.5,18829.5,16.1,51.5
"749","STEPHENSON IL",15.71,3,0.708,3,0.99,11.7,18463,15.9,70.6666666666667
"750","STEUBEN NY",1.66,3.33333333333333,0.434142857142857,3.33333333333333,0.853333333333333,9.81818181818182,16632.25,13.55,53.8571428571429
"751","STORY IA",13.5809090909091,4,0.739625,3,0.94,5.32,19012,14.2,52
"752","STRAFFORD NH",9.21047619047619,4,0.661461538461538,4,1.005,9.31,19136,14.95,54
"753","SUFFOLK CITY VA",15.1309090909091,4,1.02,4,0.95,8.88333333333333,19242,14.7,52
"754","SUFFOLK MA",13.1351923076923,3.2,0.788044117647059,3.33333333333333,1.012,9.528,19434,13.3571428571429,51.75
"755","SUFFOLK NY",12.9363247863248,2.63636363636364,0.985452054794521,2.18181818181818,1.02909090909091,9.66734693877551,20569.4090909091,12.5909090909091,53.5294117647059
"756","SULLIVAN NY",1.44375,2,1.02,2,0.98,6.14,21582.5,13.3,50.8
"757","SUMMIT OH",8.63,3.5,0.68225,3.25,1.0125,10.93125,18681.8,14.35,45
"758","SUMNER TN",14.3036363636364,3,0.743076923076923,2.5,1.015,13.1909090909091,19091.5,14.85,51.5
"759","SUMTER FL",15.8236363636364,2,0.613142857142857,3,1.01,3.35,19910.5,12.8,0
"760","SUMTER GA",2.492,3,1.145,3,0.91,3.55,18494,16.2,54
"761","SUMTER SC",17.6663636363636,3,0.436875,3,0.97,15.36,18373.5,14.5,49.3333333333333
"762","SURRY NC",2.4575,3.5,0.446111111111111,3.5,0.92,9.46666666666667,17555,13.6,50.6
"763","SUSSEX DE",14.0863636363636,3.33333333333333,0.91905,3.66666666666667,0.97,7.91764705882353,20912.8333333333,13.2666666666667,50
"764","SUSSEX NJ",13.5327272727273,3,0.562571428571429,3,1.04,4.8,20912,16.7,63.3333333333333
"765","SWEETWATER WY",1.365,2,0,2,0.91,6.5,17713.5,14.6,46.5
"766","TALLADEGA AL",2.17333333333333,3,0.0735714285714286,3,1.005,9.26,19105.25,14.2,54.8333333333333
"767","TALLAPOOSA AL",10.0873333333333,3,0.104,2.5,0.95,13.38,18905.3333333333,14.7,48.75
"768","TARRANT TX",10.8926737967914,3.63157894736842,0.725899082568807,3.52941176470588,1.079,6.80727272727273,20457.1923076923,14.475,47.6428571428571
"769","TAYLOR KY",1.68222222222222,4,0.871,3,1,12.05,20194,14.1,51.75
"770","TAYLOR TX",13.1372727272727,3,0.542230769230769,3.5,1.045,11.3833333333333,20146.25,15,93
"771","TAZEWELL IL",2.225,4,1.519,3,0.99,10.55,18317.5,14.6,51
"772","TAZEWELL VA",1.63642857142857,3,0.200333333333333,3,0.92,13.5,16602.3333333333,13.7,58
"773","TERREBONNE LA",6.76107142857143,3.5,0.30875,3,0.955,8.38461538461539,17448,14.05,97
"774","TIOGA PA",2.208,3,0.7335,3,0.99,20.96,19348.5,13.4,53.5
"775","TOLLAND CT",2.08722222222222,3,0.772625,3,1,9.24444444444445,19796.25,13.5,52
"776","TOMPKINS NY",2.273,4,0.496142857142857,3,0.9,9.5,17598.5,15,96
"777","TRAVIS TX",10.7376470588235,3.63636363636364,0.71746,3.625,1.058,5.28571428571429,20076.25,14.36,51.7777777777778
"778","TROUP GA",14.3909090909091,3,1.21085714285714,4,0.94,9.56,19860.5,14.2,52.5
"779","TRUMBULL OH",13.6013636363636,2.5,0.2756,4,1.055,11.7090909090909,20325.5,14.35,57
"780","TULARE CA",12.1743333333333,2.33333333333333,0.974277777777778,2.33333333333333,0.973333333333333,10.4666666666667,19015.8333333333,14.2333333333333,56.25
"781","TULSA OK",9.37691588785047,3.45454545454545,0.72638,3.36363636363636,0.963636363636364,11.7382978723404,17719.75,13.74,53.75
"782","TUOLUMNE CA",12.6981818181818,3,0.9668,2,0.83,8.86666666666667,19133,14.9,56
"783","TUSCARAWAS OH",13.283,4,0.8154,3,1.01,9.55555555555556,18834.3333333333,14.5,48.6666666666667
"784","ULSTER NY",12.1638888888889,2.5,0.343625,2.66666666666667,0.935,4.76,17953.6666666667,13,53.5
"785","UNION AR",18.22,3,0.390166666666667,3,1.08,9.78,20526.5,13.8,50
"786","UNION GA",2.32888888888889,4,0.3625,3,0.9,12.75,17693,14.4,52
"787","UNION MS",2.307,4,0.3415,4,0.97,11.4833333333333,18014,16.6,49.5
"788","UNION NC",13.9872727272727,2,0.796857142857143,2,0.98,2.525,18637.5,13.8,48
"789","UNION PA",2.434,4,0.662,3,0.94,12.1166666666667,17242.5,13.9,50.5
"790","UPSON GA",1.42111111111111,4,0.491666666666667,3,0.97,11.4666666666667,17936.5,16,51
"791","UTAH UT",5.92833333333333,3.6,0.42348,3.5,1.0025,9.6,19173.7142857143,12.9,44
"792","UVALDE TX",1.11857142857143,4,0.2285,4,0.96,5.22,20166.5,14.6,56
"793","VAL VERDE TX",2.215,3,0.3295,3,0.86,10.175,18617.5,14.6,59
"794","VAN WERT OH",1.6,3,0,3,0.96,8.1,18808,13.7,46.5
"795","VANCE NC",2.06666666666667,3,0.543142857142857,2,0.96,9.43333333333333,18584.5,15.5,54.3333333333333
"796","VANDERBURGH IN",15.6654545454545,3.5,0.878785714285714,3,1.015,11.3727272727273,19353.75,14.65,46.6666666666667
"797","VENANGO PA",14.0627272727273,3,0.242571428571429,4,0.96,10.05,20231.5,14.2,49.6666666666667
"798","VENTURA CA",15.306,2.71428571428571,0.752,2.85714285714286,0.993333333333333,7.74137931034483,19896.8333333333,13.4833333333333,49.8888888888889
"799","VERMILION IL",1.33777777777778,3,0.403666666666667,3,0.98,6.04444444444444,17845.6666666667,14.2,51.3333333333333
"800","VIRGINIA BEACH CITY VA",15.3359090909091,4,0.556642857142857,3.5,0.96,9.75833333333333,19624.75,12.8,60
"801","VOLUSIA FL",13.9150909090909,3.2,0.696972222222222,2.6,1.038,5.95652173913043,19858.6,14.44,48.6
"802","WAKE NC",14.215,3.5,0.669766666666667,3,0.98,7.20909090909091,18525,14.025,48.2
"803","WALKER AL",13.6636363636364,3,0.619285714285714,3,0.97,15.62,19582,12.7,55.75
"804","WALKER TX",1.997,2,0.750571428571429,2,1.1,11.5166666666667,19589,15.6,53.5
"805","WALLA WALLA WA",8.81190476190476,3.5,0.536666666666667,3,0.915,7.12,19173.75,13.5,52.5
"806","WALTON FL",1.54294117647059,4,0.695,3.5,1.03,11.575,18676.6666666667,14.7,51.5
"807","WALTON GA",2.778,2,0.43175,2,0.98,4.2,19456.5,14.4,51.5
"808","WALWORTH WI",1.53,4,0.812428571428571,3.5,0.98,11.4272727272727,17610,14.5,49.4
"809","WAPELLO IA",2.535,3,0.1315,3,0.95,14.44,21062.5,14.2,53
"810","WARE GA",14.6218181818182,3,0.574428571428571,3,0.95,9.23333333333333,20708,13.8,54
"811","WARREN KY",16.0654545454545,3.5,0.744692307692308,3.5,1.015,10.6363636363636,19448.25,13.5,52
"812","WARREN NJ",14.1895454545455,2,0.582583333333333,2.5,1,6.67777777777778,21704.5,14,56.2
"813","WARREN NY",17.0854545454545,3,0.430857142857143,4,0.99,3.82,16866.5,14.5,71.3333333333333
"814","WARREN PA",2.398,3,0.675,3,0.89,9.51666666666667,18583.5,15.1,52.5
"815","WARREN TN",12.8290909090909,3,0.56175,3,1.01,9.03333333333333,15955,13.1,53
"816","WASCO OR",1.66333333333333,4,0.87,3,0.93,15.72,17438.5,15.4,53.5
"817","WASHINGTON AR",11.4886206896552,3.33333333333333,0.633941176470588,3,1.00333333333333,10.34,20014.25,14.3,100
"818","WASHINGTON MN",2.3325,4,0.2296,4,0.875,4.64444444444444,15436,13.9,50.2
"819","WASHINGTON OH",15.3863636363636,3.5,0.46475,2.5,0.99,11.3,19251.5,12.9,48
"820","WASHINGTON OK",15.7318181818182,3,0.903166666666667,2,1,9.93333333333333,18556,14.3,100
"821","WASHINGTON OR",9.72974358974359,3.75,0.51012,3.5,0.875,10.1941176470588,18398.6666666667,13.4666666666667,45.5
"822","WASHINGTON PA",5.97388888888889,3.75,0.62935,3,1.045,13.8733333333333,19022,14.55,60
"823","WASHINGTON RI",2.2335,4,0.748583333333333,4,0.965,11.9363636363636,20390.25,13.95,55
"824","WASHINGTON TN",10.1257894736842,3,0.457428571428571,3,0.975,10.46,18561,14.4,52
"825","WASHINGTON TX",1.47222222222222,3,0.858,3,0.85,3.65,17543,15.4,52
"826","WASHINGTON VA",15.6336363636364,2,0.457428571428571,3,0.91,8.06666666666667,18606,13.8,50
"827","WASHINGTON VT",1.33888888888889,3,0.179,4,0.94,9.16,17684.5,14.4,53.5
"828","WASHINGTON WI",8.95631578947368,4,0.646375,3.5,0.92,10.975,19033.5,14.5,47.5
"829","WASHTENAW MI",7.94975,3.33333333333333,0.5787,3.33333333333333,0.995,9.45,18862,12.2,51.6
"830","WATAUGA NC",13.5363636363636,3,0.1405,3,0.93,2.46,18282,13.7,53.5
"831","WAYNE GA",2.53555555555556,4,0.3755,3,0.99,14.225,19770,13.4,53.5
"832","WAYNE MI",14.0186,2.92857142857143,1.05078846153846,2.28571428571429,1.02428571428571,11.5688311688312,20288.4230769231,13.2769230769231,50.1052631578947
"833","WAYNE NC",14.3281818181818,3,0.522375,3,0.95,10.0833333333333,18245,15.5,49.25
"834","WAYNE NY",2.934,3,0.466428571428571,2,0.91,9.16666666666667,19790,12.7,52
"835","WAYNE OH",2.616,4,0.387,3,0.97,4.81428571428571,18098.3333333333,13,45.8
"836","WAYNE PA",2.169,3,0.6345,2,1.01,12.25,20270.5,17.3,51
"837","WEAKLEY TN",2.39375,3,1.152,3,1.14,2.8,19901.5,15.8,51.5
"838","WEBSTER LA",1.76266666666667,4,0.59525,4,1.03,8.77142857142857,19461,15.1,50.75
"839","WESTCHESTER NY",12.652,2.5,0.840985074626866,2.3,1.045,12.616,20900.4,13.55,61.0476190476191
"840","WESTMORELAND PA",5.95642857142857,3,0.492944444444444,3.33333333333333,1.07666666666667,6.22307692307692,19643.5,13.9,49.8571428571429
"841","WEXFORD MI",2.457,3,0.937666666666667,3,0.88,9.36666666666667,18863.5,12.9,51.2
"842","WHITE AR",15.705,4,0.308125,3,0.98,12.66,18061.5,14.6,50
"843","WHITE TN",1.26625,3,0,3,0.9,10.0333333333333,18164.5,14.2,52
"844","WHITESIDE IL",15.0272727272727,3,0.718833333333333,4,0.96,7.95714285714286,20105.5,13.9,51.5
"845","WHITFIELD GA",15.0381818181818,3,1.258875,4,0.94,10.55,17439.5,13.7,54
"846","WICHITA TX",8.06714285714286,3.5,0.314111111111111,4,1.1,10.2555555555556,19863.5,16.2,52.5
"847","WILL IL",12.6633333333333,3,0.692521739130435,2.66666666666667,1.04333333333333,10.7117647058824,20789.8333333333,13.0333333333333,100
"848","WILLIAMS OH",2.294,4,0.2345,4,1.17,6.03333333333333,22291.5,17.1,54.5
"849","WILLIAMSON IL",12.9140909090909,3,0.433,2.5,0.97,8.93636363636364,19983.75,13.95,41
"850","WILLIAMSON TN",16.9172727272727,4,0.197571428571429,4,1,12.02,18296,14.8,54.5
"851","WILLIAMSON TX",14.4440909090909,3.25,0.689555555555556,3.5,1.065,5.89545454545455,18956.2222222222,14.45,52
"852","WILSON NC",12.67,3,0.902571428571429,4,0.96,9.13333333333333,18627,12.9,44
"853","WILSON TN",16.1881818181818,2,0.327125,3,1.06,13.9166666666667,19216.5,13.5,48.5
"854","WINDHAM CT",2.07052631578947,3,0.932142857142857,3,1.005,9.89090909090909,18748.25,14.9,50.2
"855","WINDHAM VT",2.071,3,0.21,4,0.96,5.025,17795.5,14.7,53.5
"856","WINNEBAGO IL",13.7424242424242,3,0.93695652173913,3.33333333333333,1.02,10.2764705882353,19486.3333333333,13.3666666666667,73
"857","WINONA MN",2.55,3,0.284666666666667,3,0.87,4.45,18673.5,13.5,54
"858","WISE TX",15.894,3,0.730571428571429,3,1.12,16.025,22330,16.3,100
"859","WISE VA",1.37375,3,0.123,3,0.99,15.5,17984,13,50.5
"860","WOOD WI",9.53142857142857,3.5,0.498363636363636,2.5,0.935,2.95714285714286,17875.6666666667,14.1,51
"861","WOOD WV",17.5254545454545,3,0.578625,2,1.04,14.1166666666667,19454.5,12.9,53.5
"862","WORCESTER MA",8.15680555555556,3.28571428571429,0.556756097560976,2.75,1.00125,6.55428571428571,19506.8571428571,13.4833333333333,53.1176470588235
"863","WYTHE VA",2.121,3,0.102,3,0.95,11.82,18351.5,14.4,50.5
"864","YAKIMA WA",12.8037037037037,2.75,0.603928571428571,2.25,0.896666666666667,8.84375,17620.5,13.75,54.5
"865","YAMHILL OR",1.58277777777778,4,0.5461,3.5,0.855,7.84444444444444,17054.3333333333,13.2,52.4
"866","YANKTON SD",2.01235294117647,4,0.476666666666667,4,0.925,4.8,18802.5,13.7,54
"867","YAVAPAI AZ",9.2640625,3.33333333333333,0.805,3,0.953333333333333,10.2294117647059,19461.3333333333,14.2666666666667,49.8
"868","YELL AR",0.648,3,0,3,0.81,4.22,19129.5,15.8,56.5
"869","YOLO CA",1.88526315789474,3.5,0.3038,3.5,0.915,2.51666666666667,17678.3333333333,15.9,53.25
"870","YORK ME",15.2122727272727,3.5,0.81675,3.5,0.955,9.725,19431.25,12.9,45.3333333333333
"871","YORK SC",15.3036363636364,3,0.403857142857143,1,1.04,9.96,19629,16.1,100
